model,sun,jav,ind,average
XLM-R LR,0.3793 ± 0.0216,0.3903 ± 0.0399,0.4203 ± 0.0698,0.3966 ± 0.0330
XLM-R XGB,0.3615 ± 0.0275,0.3487 ± 0.0419,0.4016 ± 0.0739,0.3706 ± 0.0278
XLM-R Hybrid,0.3800 ± 0.0205,0.3917 ± 0.0378,0.4237 ± 0.0676,0.3984 ± 0.0312
IndoBERT LR,0.3804 ± 0.0303,0.3346 ± 0.0657,0.3956 ± 0.0528,0.3702 ± 0.0280
IndoBERT XGB,0.3714 ± 0.0400,0.3268 ± 0.0379,0.3804 ± 0.0506,0.3595 ± 0.0181
IndoBERT Hybrid,0.3778 ± 0.0291,0.3218 ± 0.0617,0.4046 ± 0.0404,0.3681 ± 0.0233
E5 LR,0.3967 ± 0.0198,0.3868 ± 0.0727,0.3969 ± 0.0793,0.3935 ± 0.0323
E5 XGB,0.4065 ± 0.0237,0.3655 ± 0.0572,0.4148 ± 0.0818,0.3956 ± 0.0325
E5 Hybrid,0.3950 ± 0.0150,0.4002 ± 0.0712,0.3943 ± 0.0649,0.3965 ± 0.0355
ME-XBAL (XLM-R),0.4001 ± 0.0161,0.3998 ± 0.0455,0.4337 ± 0.0561,0.4112 ± 0.0272
ME-XBAL,0.4173 ± 0.0266,0.4367 ± 0.0684,0.4242 ± 0.0509,0.4261 ± 0.0261
