model,macro_f1,micro_f1
XLM-R LR,0.5846 ± 0.0136,0.625254394079556
XLM-R XGB,0.5453 ± 0.0182,0.590286771507863
XLM-R Hybrid,0.5909 ± 0.0166,0.6338575393154486
IndoBERT LR,0.5716 ± 0.0117,0.6125809435707678
IndoBERT XGB,0.5469 ± 0.0193,0.5985198889916743
IndoBERT Hybrid,0.5805 ± 0.0122,0.6259944495837189
E5 LR,0.6049 ± 0.0108,0.6427382053654024
E5 XGB,0.5893 ± 0.0139,0.6362627197039779
E5 Hybrid,0.6163 ± 0.0143,0.6583718778908417
ME-XBAL (XLM-R),0.6061 ± 0.0152,0.6334875115633671
ME-XBAL,0.6324 ± 0.0099,0.6613320999074931
