comparison,delta,ci95_low,ci95_high,p_corrected,p_wilcoxon,wins,n_seeds,p_holm
ME-XBAL vs XLM-R LR,0.02944110836191771,-0.008575883668905548,0.06745810039274097,0.1137105581611,0.009765625,8,10,0.4548422326444
ME-XBAL vs XLM-R XGB,0.05549881429862165,0.027210552595103552,0.08378707600213975,0.0016278868838352464,0.001953125,10,10,0.016278868838352462
ME-XBAL vs XLM-R Hybrid,0.027630404416224393,-0.009347856638863943,0.06460866547131272,0.1252314564732629,0.009765625,8,10,0.4548422326444
ME-XBAL vs IndoBERT LR,0.055877529205287234,0.008701657948292987,0.10305340046228148,0.02523022268312716,0.001953125,10,10,0.1766115587818901
ME-XBAL vs IndoBERT XGB,0.06655191445547179,0.021558562234534083,0.11154526667640949,0.008576973693706254,0.001953125,10,10,0.07719276324335628
ME-XBAL vs IndoBERT Hybrid,0.05799936661382961,0.015031851365608737,0.10096688186205048,0.01371380958276384,0.001953125,10,10,0.10971047666211071
ME-XBAL vs E5 LR,0.03259087030686099,0.002119738724393843,0.06306200188932813,0.03864070748853645,0.00390625,9,10,0.2318442449312187
ME-XBAL vs E5 XGB,0.030485379930688783,-0.03269217507925755,0.09366293494063511,0.3033804783873577,0.130859375,7,10,0.6067609567747154
ME-XBAL vs E5 Hybrid,0.02957450188849875,-0.001301454079829574,0.060450457856827074,0.058416657034505284,0.00390625,9,10,0.2920832851725264
ME-XBAL vs ME-XBAL (XLM-R),0.014893084637475957,-0.02418981496693228,0.05397598424188419,0.41105231405092235,0.16015625,7,10,0.6067609567747154
