dataset,lang,comparison,difference,ci95_low,ci95_high
Tokopedia,ind,ME-XBAL - XLM-R LR,0.04388072933940235,0.009031354272166229,0.0793874939226923
SemEval,sun,ME-XBAL - XLM-R LR,0.07160237845772377,-0.006096808481061309,0.1464021133258351
SemEval,jav,ME-XBAL - XLM-R LR,0.0676250869799257,-0.08954871649416518,0.20310608390443466
SemEval,ind,ME-XBAL - XLM-R LR,0.020178928909644234,-0.14911188632186848,0.16547021329919787
Tokopedia,ind,ME-XBAL - XLM-R XGB,0.09942205350520461,0.0640713028445915,0.1349736841821234
SemEval,sun,ME-XBAL - XLM-R XGB,0.06367530264044852,-0.00774119609757863,0.13233460891766688
SemEval,jav,ME-XBAL - XLM-R XGB,0.11712787679380998,-0.04315650151426344,0.258615714847782
SemEval,ind,ME-XBAL - XLM-R XGB,0.01880702183121541,-0.15035944263830756,0.16100598022990387
Tokopedia,ind,ME-XBAL - XLM-R Hybrid,0.04447944534200754,0.010788415291842521,0.08016572496440821
SemEval,sun,ME-XBAL - XLM-R Hybrid,0.07160237845772377,-0.006096808481061309,0.1464021133258351
SemEval,jav,ME-XBAL - XLM-R Hybrid,0.0676250869799257,-0.08954871649416518,0.20310608390443466
SemEval,ind,ME-XBAL - XLM-R Hybrid,0.020178928909644234,-0.14911188632186848,0.16547021329919787
Tokopedia,ind,ME-XBAL - IndoBERT LR,0.03104774979970326,-0.005037207625614645,0.06998813016150418
SemEval,sun,ME-XBAL - IndoBERT LR,0.06038763183382451,-0.006549449523727843,0.13074387812119495
SemEval,jav,ME-XBAL - IndoBERT LR,0.11577940180090723,-0.06803984533108946,0.2841978280610035
SemEval,ind,ME-XBAL - IndoBERT LR,0.16879670625717436,-0.003006394686716144,0.3078642376142376
Tokopedia,ind,ME-XBAL - IndoBERT XGB,0.0833730103798399,0.04597175949820286,0.12193369936730158
SemEval,sun,ME-XBAL - IndoBERT XGB,0.032774270525590676,-0.029053739108792404,0.09673129437211875
SemEval,jav,ME-XBAL - IndoBERT XGB,0.1442747787515687,-0.030912359818609795,0.29059886421576375
SemEval,ind,ME-XBAL - IndoBERT XGB,0.11408870108028596,-0.06873235039901704,0.25868059299314256
Tokopedia,ind,ME-XBAL - IndoBERT Hybrid,0.025893253857583454,-0.010737683982847194,0.06370401405350988
SemEval,sun,ME-XBAL - IndoBERT Hybrid,0.06396024821831992,-0.00468586098782341,0.13598910899628314
SemEval,jav,ME-XBAL - IndoBERT Hybrid,0.11997405771970104,-0.06775168726835813,0.2883495082402903
SemEval,ind,ME-XBAL - IndoBERT Hybrid,0.1176798354986538,-0.0640152827721477,0.26960735549333875
Tokopedia,ind,ME-XBAL - E5 LR,-0.0002884177709291391,-0.021651368523453816,0.022733869765860296
SemEval,sun,ME-XBAL - E5 LR,0.03028399962802547,-0.004554402276317185,0.0684328174742903
SemEval,jav,ME-XBAL - E5 LR,0.024636417153020618,-0.04370038517524371,0.1008420988330381
SemEval,ind,ME-XBAL - E5 LR,0.0767566696306074,-0.024542080441310222,0.18488649875878135
Tokopedia,ind,ME-XBAL - E5 XGB,0.03203283470793217,0.005063670941760884,0.05791792781798285
SemEval,sun,ME-XBAL - E5 XGB,0.008132317493097785,-0.050051590107816006,0.0669157223696355
SemEval,jav,ME-XBAL - E5 XGB,0.14199268704412027,-0.017533444120191127,0.2977276871589589
SemEval,ind,ME-XBAL - E5 XGB,0.08220304345092128,-0.04028310351047418,0.18144844840616897
Tokopedia,ind,ME-XBAL - E5 Hybrid,-0.0005235061343881187,-0.01763852345092367,0.018192873361721772
SemEval,sun,ME-XBAL - E5 Hybrid,0.03540359735076026,-0.0031308168336045077,0.07521909322770151
SemEval,jav,ME-XBAL - E5 Hybrid,0.02240777705673347,-0.04014661564242795,0.09170746355329149
SemEval,ind,ME-XBAL - E5 Hybrid,0.0532527309092774,-0.03240768782202113,0.14421417887949334
Tokopedia,ind,ME-XBAL - ME-XBAL (XLM-R),0.02562617919996779,-0.0068823593954758944,0.06036972411931463
SemEval,sun,ME-XBAL - ME-XBAL (XLM-R),0.037850484526820605,-0.03379956185071142,0.10341887762129338
SemEval,jav,ME-XBAL - ME-XBAL (XLM-R),0.0334869304504648,-0.13185129828637232,0.19799044079164183
SemEval,ind,ME-XBAL - ME-XBAL (XLM-R),-0.047949811420234634,-0.1758907383505603,0.061113475746921025
