comparator,frozen,train_size,frozen_mean,frozen_sd,ft_mean,ft_sd,delta,ci95_low,ci95_high,frozen_wins,ft_collapsed_seeds,ft_time_s,n_seeds
E5 fine-tuned,ME-XBAL,100,0.5674089697919253,0.0092355365593872,0.3109447228549928,0.036003290216061634,0.2564642469369326,0.22926757957442062,0.2813459145397077,5,0,44.48364560720074,5
E5 fine-tuned,ME-XBAL,250,0.5772031373145015,0.015398602280392694,0.46584744747700413,0.04351899546367215,0.11135568983749733,0.08948170203505504,0.13322967763993962,5,0,64.67733201799965,5
E5 fine-tuned,ME-XBAL,500,0.5644064967454728,0.011918347623721667,0.5811519616092288,0.01825957270935707,-0.016745464863755853,-0.0407569466637524,0.006720483096647833,1,0,98.62231683500104,5
E5 fine-tuned,ME-XBAL,750,0.5739136500757499,0.014361004046710542,0.6213506628640328,0.012353868747443195,-0.04743701278828309,-0.05316438283564352,-0.041718887588044984,0,0,132.85438681819906,5
E5 fine-tuned,ME-XBAL,1000,0.5983872481104692,0.005843118785585712,0.6372376547183266,0.02035006418533684,-0.03885040660785748,-0.05543979477587777,-0.01992389042581222,0,0,166.16322723679986,5
E5 fine-tuned,ME-XBAL,1500,0.6054411017435962,0.013943522799086987,0.6501945123997428,0.0198431352977106,-0.04475341065614671,-0.0539151426091707,-0.03364639260486395,0,0,233.69163214699876,5
E5 fine-tuned,ME-XBAL,2000,0.6141251650752637,0.008836438003264085,0.6570610599252973,0.011236357178844804,-0.042935894850033615,-0.05050855388687794,-0.03209978032681571,0,0,301.5921126301997,5
E5 fine-tuned,ME-XBAL,2500,0.6168442876909243,0.013440058499940111,0.6645255089809847,0.011569567281068938,-0.04768122129006043,-0.06029539596604734,-0.03822655407691193,0,0,369.8481101641999,5
E5 fine-tuned,ME-XBAL,3000,0.6229086295563476,0.006704624639339932,0.6736174173188791,0.015432120010909347,-0.050708787762531495,-0.06448673470114852,-0.03747629321023029,0,0,419.27192042680036,5
E5 fine-tuned,ME-XBAL,3510,0.6297051391272939,0.00918368526841778,0.678252378100376,0.013118102090421252,-0.04854723897308211,-0.06017914845462832,-0.03705954661741671,0,0,465.93277994720046,5
E5 fine-tuned,ME-XBAL (train subset only),100,0.47416334762761847,0.012290395542690319,0.3109447228549928,0.036003290216061634,0.16321862477262575,0.1287457435355012,0.1976915060097503,5,0,44.48364560720074,5
E5 fine-tuned,ME-XBAL (train subset only),250,0.5148180462484501,0.020524311928583158,0.46584744747700413,0.04351899546367215,0.04897059877144603,-0.004554221574667561,0.09372435697012844,4,0,64.67733201799965,5
E5 fine-tuned,ME-XBAL (train subset only),500,0.549876714336298,0.012393361895483858,0.5811519616092288,0.01825957270935707,-0.0312752472729307,-0.04657973169374026,-0.015579198515364068,0,0,98.62231683500104,5
E5 fine-tuned,ME-XBAL (train subset only),750,0.5663891398905094,0.02519094079497855,0.6213506628640328,0.012353868747443195,-0.054961522973523524,-0.07684315459494621,-0.033079891352100835,0,0,132.85438681819906,5
E5 fine-tuned,ME-XBAL (train subset only),1000,0.5754430824656028,0.023009083588717585,0.6372376547183266,0.02035006418533684,-0.06179457225272387,-0.09369194046614585,-0.03693494331243134,0,0,166.16322723679986,5
E5 fine-tuned,ME-XBAL (train subset only),1500,0.5948180249960385,0.010118541378067239,0.6501945123997428,0.0198431352977106,-0.055376487403704266,-0.06909993267781862,-0.0391549625147674,0,0,233.69163214699876,5
E5 fine-tuned,ME-XBAL (train subset only),2000,0.5993018438774835,0.02236825960190478,0.6570610599252973,0.011236357178844804,-0.057759216047813755,-0.07297887073978895,-0.041400873185343315,0,0,301.5921126301997,5
E5 fine-tuned,ME-XBAL (train subset only),2500,0.5994899595074287,0.009496539195791171,0.6645255089809847,0.011569567281068938,-0.06503554947355605,-0.07885404551016365,-0.05121705343694847,0,0,369.8481101641999,5
E5 fine-tuned,ME-XBAL (train subset only),3000,0.6085379446617891,0.01314972175071143,0.6736174173188791,0.015432120010909347,-0.06507947265708994,-0.07827440543695226,-0.047437474419515825,0,0,419.27192042680036,5
E5 fine-tuned,ME-XBAL (train subset only),3510,0.6152247425175544,0.009478199423970652,0.678252378100376,0.013118102090421252,-0.06302763558282147,-0.06669061841504528,-0.05850110456379838,0,0,465.93277994720046,5
