comparison,delta,ci95_low,ci95_high,p_corrected,p_wilcoxon,wins,n_seeds,p_holm,lang
ME-XBAL vs XLM-R LR,0.03794753609458017,-0.010163153569231295,0.08605822575839163,0.10804209164305122,0.009765625,9,10,0.6598447425987773,sun
ME-XBAL vs XLM-R XGB,0.055792048522129954,0.011329948044280072,0.10025414899997984,0.019447349158369986,0.00390625,9,10,0.19447349158369986,sun
ME-XBAL vs XLM-R Hybrid,0.03729890672382473,-0.009355732127534946,0.0839535455751844,0.10397787506738287,0.009765625,9,10,0.6598447425987773,sun
ME-XBAL vs IndoBERT LR,0.036837703698898334,-0.014169988861467073,0.08784539625926374,0.13674848853346183,0.01953125,8,10,0.6598447425987773,sun
ME-XBAL vs IndoBERT XGB,0.04587057538436525,0.0013256493158838173,0.09041550145284669,0.044785349346634785,0.00390625,9,10,0.4030681441197131,sun
ME-XBAL vs IndoBERT Hybrid,0.03946105468912307,-0.008269412112881298,0.08719152149112744,0.0942635346569682,0.00390625,9,10,0.6598447425987773,sun
ME-XBAL vs E5 LR,0.020524014773259852,-0.006059017108555342,0.04710704665507505,0.11466466552803062,0.013671875,8,10,0.6598447425987773,sun
ME-XBAL vs E5 XGB,0.010785177509453292,-0.017551869858457504,0.03912222487736409,0.4115963295803807,0.16015625,7,10,0.6598447425987773,sun
ME-XBAL vs E5 Hybrid,0.02226530556370144,-0.0005847404350061078,0.045115351562408985,0.05495672094157518,0.005859375,9,10,0.43965376753260144,sun
ME-XBAL vs ME-XBAL (XLM-R),0.017163694425900367,-0.01352844038261037,0.047855829234411104,0.23762622656464127,0.064453125,8,10,0.6598447425987773,sun
ME-XBAL vs XLM-R LR,0.04643909786056562,-0.048892419243039956,0.1417706149641712,0.2990696651721169,0.083984375,8,10,1.0,jav
ME-XBAL vs XLM-R XGB,0.08802560284020958,-0.017689688085298874,0.19374089376571801,0.09227115631359578,0.013671875,8,10,0.7201707227758276,jav
ME-XBAL vs XLM-R Hybrid,0.045065416465332506,-0.05128826375620053,0.14141909668686553,0.3176118182274805,0.083984375,8,10,1.0,jav
ME-XBAL vs IndoBERT LR,0.10218676956001072,-0.01953707569164738,0.2239106148116688,0.09002134034697845,0.009765625,8,10,0.7201707227758276,jav
ME-XBAL vs IndoBERT XGB,0.10998455306438348,0.04635367900601482,0.17361542712275213,0.003564274710485832,0.001953125,10,10,0.03564274710485832,jav
ME-XBAL vs IndoBERT Hybrid,0.1149221438273568,-0.012918824578053906,0.2427631122327675,0.07251637611079062,0.009765625,8,10,0.6526473849971156,jav
ME-XBAL vs E5 LR,0.049946207786436755,-0.015224610273793945,0.11511702584666746,0.11700478145813042,0.00390625,9,10,0.7201707227758276,jav
ME-XBAL vs E5 XGB,0.0712327917868184,-0.037265272631277074,0.17973085620491389,0.17165535708009638,0.01953125,8,10,0.8582767854004819,jav
ME-XBAL vs E5 Hybrid,0.03654784146152076,-0.036573620754557036,0.10966930367759856,0.2874195664073223,0.064453125,7,10,1.0,jav
ME-XBAL vs ME-XBAL (XLM-R),0.036961653206516135,-0.05386076089414489,0.12778406730717717,0.3812623760604128,0.193359375,7,10,1.0,jav
ME-XBAL vs XLM-R LR,0.0039366911306072784,-0.10032618415356606,0.10819956641478062,0.9338029036699156,0.6953125,7,10,1.0,ind
ME-XBAL vs XLM-R XGB,0.022678791533525363,-0.08973373511372311,0.13509131818077383,0.6589295071932686,0.322265625,7,10,1.0,ind
ME-XBAL vs XLM-R Hybrid,0.0005268900595158776,-0.10383810187391894,0.1048918819929507,0.9911370512237923,0.845703125,6,10,1.0,ind
ME-XBAL vs IndoBERT LR,0.028608114356952617,-0.07726014988373703,0.13447637859764228,0.5561315941246858,0.4921875,6,10,1.0,ind
ME-XBAL vs IndoBERT XGB,0.04380061491766653,-0.062337432826016184,0.14993866266134925,0.37490935595216623,0.130859375,8,10,1.0,ind
ME-XBAL vs IndoBERT Hybrid,0.019614901325008937,-0.07577887253133705,0.11500867518135494,0.6528763897969414,0.556640625,6,10,1.0,ind
ME-XBAL vs E5 LR,0.027302388360886342,-0.056535725461528685,0.11114050218330138,0.48007541023188005,0.322265625,5,10,1.0,ind
ME-XBAL vs E5 XGB,0.00943817049579459,-0.08254544642668547,0.10142178741827466,0.8216419096661737,0.4921875,5,10,1.0,ind
ME-XBAL vs E5 Hybrid,0.029910358640274,-0.047663917663905334,0.10748463494445333,0.4057551989785838,0.16015625,6,10,1.0,ind
ME-XBAL vs ME-XBAL (XLM-R),-0.009446093719988658,-0.1028659852881229,0.08397379784814558,0.8241865449522309,0.625,5,10,1.0,ind
