cfg,seed,setting,macro_f1_jav,micro_f1_jav,n_test_jav,macro_f1_ind,micro_f1_ind,n_test_ind
ME-XBAL,42,S2,0.3600990891323424,0.45595854922279794,151,0.36242989556897304,0.49569707401032703,156
ME-XBAL+XGB,42,S2,0.34221578459765506,0.4376130198915009,151,0.37171133873659423,0.5060240963855421,156
XLM-R Hybrid,42,S2,0.3106577437261327,0.43478260869565216,151,0.3290120668381538,0.48951048951048953,156
XLM-R LR,42,S2,0.31133860153256704,0.42884990253411304,151,0.3204980373378292,0.46449136276391556,156
XLM-R XGB,42,S2,0.3190999778219268,0.4508670520231214,151,0.2917588031381135,0.4918032786885246,156
IndoBERT LR,42,S2,0.31308817615471424,0.4194107452339688,151,0.3483227488855934,0.47368421052631576,156
IndoBERT XGB,42,S2,0.303754122812546,0.4672268907563025,151,0.2749176313882196,0.4845360824742268,156
IndoBERT Hybrid,42,S2,0.3010049218853469,0.46605504587155966,151,0.32903703422268243,0.5047438330170778,156
ME-XBAL,7,S2,0.35900667860372826,0.4663023679417122,151,0.309012077303708,0.45753899480069327,156
ME-XBAL+XGB,7,S2,0.3425956787637116,0.4745762711864407,151,0.3550217135956855,0.515358361774744,156
XLM-R Hybrid,7,S2,0.3081961754562374,0.4552238805970149,151,0.32490060405433074,0.48188405797101447,156
XLM-R LR,7,S2,0.29861794413426357,0.416,151,0.30732770905518436,0.4612476370510397,156
XLM-R XGB,7,S2,0.31187447124947126,0.45714285714285713,151,0.2925170068027211,0.5009416195856874,156
IndoBERT LR,7,S2,0.34144786411298284,0.4,151,0.350044689142817,0.46476190476190476,156
IndoBERT XGB,7,S2,0.33599265795227945,0.46308724832214765,151,0.2762959387959388,0.4897959183673469,156
IndoBERT Hybrid,7,S2,0.35565537244115214,0.425531914893617,151,0.33684447894957864,0.46953405017921146,156
ME-XBAL,13,S2,0.36436806788214415,0.4635514018691589,151,0.33533894024745886,0.4981549815498155,156
ME-XBAL+XGB,13,S2,0.3622375806759117,0.47377938517179025,151,0.30415797519377236,0.48484848484848486,156
XLM-R Hybrid,13,S2,0.36785545071646714,0.47058823529411764,151,0.32512641018665117,0.4749034749034749,156
XLM-R LR,13,S2,0.3599320039234959,0.45348837209302323,151,0.301362692501933,0.4498977505112474,156
XLM-R XGB,13,S2,0.2806952466201213,0.4356060606060606,151,0.269323441411736,0.4865979381443299,156
IndoBERT LR,13,S2,0.3554448457674264,0.441025641025641,151,0.3147153411560191,0.4653846153846154,156
IndoBERT XGB,13,S2,0.2611540956519969,0.4435946462715105,151,0.2873658842961441,0.4919786096256685,156
IndoBERT Hybrid,13,S2,0.35246847276922466,0.44,151,0.32017873644791056,0.4891304347826087,156
ME-XBAL,77,S2,0.3235444882985867,0.44970414201183434,151,0.3575430525119543,0.5074626865671642,156
ME-XBAL+XGB,77,S2,0.3611825715412708,0.47619047619047616,151,0.34814323310667783,0.5149911816578483,156
XLM-R Hybrid,77,S2,0.28957063024859636,0.4612159329140461,151,0.321811554970082,0.5048923679060665,156
XLM-R LR,77,S2,0.2806992328829639,0.44398340248962653,151,0.36296164533574604,0.5116279069767442,156
XLM-R XGB,77,S2,0.27069931308447465,0.45544554455445546,151,0.2885808822760139,0.48628884826325414,156
IndoBERT LR,77,S2,0.3644359048861785,0.4280821917808219,151,0.35115342220712836,0.4925925925925926,156
IndoBERT XGB,77,S2,0.29094539888204385,0.4335154826958106,151,0.2857170349257678,0.47920133111480867,156
IndoBERT Hybrid,77,S2,0.3136086341660025,0.4170940170940171,151,0.3372789010649791,0.4875444839857651,156
ME-XBAL,101,S2,0.35247222578175097,0.4321223709369025,151,0.39486374614064523,0.5017182130584192,156
ME-XBAL+XGB,101,S2,0.37157847341477773,0.4568345323741007,151,0.37111112489116627,0.49411764705882355,156
XLM-R Hybrid,101,S2,0.3530918964076859,0.45136186770428016,151,0.34916303959659784,0.48440366972477067,156
XLM-R LR,101,S2,0.3271538035987421,0.430327868852459,151,0.33570672638497284,0.4689922480620155,156
XLM-R XGB,101,S2,0.3033736916179664,0.4621212121212121,151,0.30818895818895814,0.5116279069767442,156
IndoBERT LR,101,S2,0.3495634077880821,0.4053601340033501,151,0.34826075761035113,0.4836852207293666,156
IndoBERT XGB,101,S2,0.3729586161771033,0.4717607973421927,151,0.2877833254902698,0.5090252707581228,156
IndoBERT Hybrid,101,S2,0.36116028020904317,0.4287949921752739,151,0.35173251607229733,0.4918032786885246,156
ME-XBAL,202,S2,0.3343498733409153,0.444022770398482,151,0.32845675089132426,0.4962121212121212,156
ME-XBAL+XGB,202,S2,0.295006175659442,0.4624277456647399,151,0.33485417621010843,0.5380530973451327,156
XLM-R Hybrid,202,S2,0.3009037244484148,0.46124031007751937,151,0.31306776268503983,0.5242369838420108,156
XLM-R LR,202,S2,0.32244183020045086,0.4297520661157025,151,0.3374761709064034,0.4847250509164969,156
XLM-R XGB,202,S2,0.2835969032761549,0.4543761638733706,151,0.31847099252753064,0.5167785234899329,156
IndoBERT LR,202,S2,0.34515846549339374,0.4111111111111111,151,0.30791974194778143,0.48140900195694714,156
IndoBERT XGB,202,S2,0.3214895811551281,0.44483985765124556,151,0.2659218074777847,0.47942754919499103,156
IndoBERT Hybrid,202,S2,0.3342744251734054,0.41767068273092367,151,0.2740954673667521,0.4717741935483871,156
ME-XBAL,303,S2,0.3566639653607888,0.475,151,0.37702240427531125,0.5101663585951941,156
ME-XBAL+XGB,303,S2,0.3240147355989249,0.472168905950096,151,0.3413017042781108,0.5048923679060665,156
XLM-R Hybrid,303,S2,0.3432116600694582,0.4806201550387597,151,0.33747736365626807,0.4930966469428008,156
XLM-R LR,303,S2,0.347722924933258,0.46774193548387094,151,0.32694986959268085,0.47484909456740443,156
XLM-R XGB,303,S2,0.29857793236740665,0.43478260869565216,151,0.31172605189459124,0.47794117647058826,156
IndoBERT LR,303,S2,0.3746692527160804,0.42388059701492536,151,0.3745619510673184,0.5026929982046678,156
IndoBERT XGB,303,S2,0.2748921962368199,0.4412811387900356,151,0.27912581699346406,0.4973730297723292,156
IndoBERT Hybrid,303,S2,0.38815156168081627,0.45609065155807366,151,0.37854279721729084,0.5249169435215947,156
ME-XBAL,404,S2,0.28330643048836174,0.4116504854368932,151,0.30484226111392393,0.4576923076923077,156
ME-XBAL+XGB,404,S2,0.3187637896615955,0.46382189239332094,151,0.32864552284421134,0.5038167938931297,156
XLM-R Hybrid,404,S2,0.30602632619581777,0.4675834970530452,151,0.2976931885465355,0.4758220502901354,156
XLM-R LR,404,S2,0.2957114120520086,0.41975308641975306,151,0.28703692281822707,0.44672131147540983,156
XLM-R XGB,404,S2,0.2857078651639719,0.4410058027079304,151,0.26726914666425144,0.45384615384615384,156
IndoBERT LR,404,S2,0.3205314872529477,0.4077328646748682,151,0.3360482148674266,0.4690909090909091,156
IndoBERT XGB,404,S2,0.3097934367034834,0.4749536178107607,151,0.2981713063886417,0.49823321554770317,156
IndoBERT Hybrid,404,S2,0.3354707480034622,0.48175182481751827,151,0.3113172769997159,0.4973730297723292,156
ME-XBAL,505,S2,0.3742658983519198,0.4810126582278481,151,0.3754458201034554,0.5089605734767025,156
ME-XBAL+XGB,505,S2,0.4167400741935747,0.49584026622296173,151,0.38987739440597385,0.5125628140703518,156
XLM-R Hybrid,505,S2,0.3411266933927819,0.46502835538752363,151,0.337817885855269,0.49070631970260226,156
XLM-R LR,505,S2,0.3719782474049808,0.4538152610441767,151,0.3546538791381124,0.4788135593220339,156
XLM-R XGB,505,S2,0.2947854827165172,0.46153846153846156,151,0.3080996238966585,0.5027124773960217,156
IndoBERT LR,505,S2,0.32209573995304003,0.4020100502512563,151,0.33125210314041004,0.44770642201834865,156
IndoBERT XGB,505,S2,0.3139317278273993,0.4355108877721943,151,0.29950583338869935,0.4899328859060403,156
IndoBERT Hybrid,505,S2,0.3467464142308117,0.4213938411669368,151,0.3323105366489341,0.4610051993067591,156
ME-XBAL,606,S2,0.2903821909085067,0.40165631469979296,151,0.33118659972034853,0.5010438413361169,156
ME-XBAL+XGB,606,S2,0.29367841762390756,0.44889779559118237,151,0.29751844812639855,0.4872881355932203,156
XLM-R Hybrid,606,S2,0.2569849437494742,0.39555555555555555,151,0.2865286619469758,0.46956521739130436,156
XLM-R LR,606,S2,0.26309373144244735,0.3869565217391304,151,0.328404633006162,0.4956140350877193,156
XLM-R XGB,606,S2,0.25973193758055396,0.41739130434782606,151,0.27653521802128617,0.46790890269151136,156
IndoBERT LR,606,S2,0.3714619270383795,0.43790849673202614,151,0.2731150876090737,0.45368620037807184,156
IndoBERT XGB,606,S2,0.29323504856244104,0.4720720720720721,151,0.26228757611940995,0.47755834829443444,156
IndoBERT Hybrid,606,S2,0.38256179704409465,0.44878048780487806,151,0.27425695552011337,0.4606946983546618,156
