cfg,seed,setting,macro_f1_sun,micro_f1_sun,n_test_sun,macro_f1_jav,micro_f1_jav,n_test_jav,macro_f1_ind,micro_f1_ind,n_test_ind,label,avg_macro_f1
A0,42,S1,0.24202657256928914,0.6307977736549165,226,0.16666666666666666,0.2857142857142857,31,0.24305555555555555,0.4383561643835616,33,A0  base: LR on raw embeddings,0.21724959826383713
A1,42,S1,0.35820568434245526,0.5837173579109063,226,0.3520189362294625,0.3516483516483517,31,0.36161616161616156,0.4742268041237113,33,A1  + StandardScaler,0.35728026072935976
A2,42,S1,0.3945775085431829,0.6141732283464567,226,0.31799124788255223,0.35555555555555557,31,0.3025341130604288,0.4418604651162791,33,A2  + PCA (95% variance),0.33836762316205465
A3,42,S1,0.2378569483348895,0.6165137614678899,226,0.12222222222222223,0.22857142857142856,31,0.18137254901960786,0.36619718309859156,33,A3  XGBoost replaces LR,0.1804839065255732
A4,42,S1,0.33651903907914976,0.6081081081081081,226,0.2737155388471178,0.30985915492957744,31,0.29243827160493824,0.45569620253164556,33,A4  + cost-sensitive weighting,0.30089094984373527
A5,42,S1,0.3828262802869727,0.6178861788617886,226,0.36594202898550726,0.42857142857142855,31,0.31810344827586207,0.49411764705882355,33,A5  + hybrid ensemble XGB+LR,0.35562391918278063
A6,42,S1,0.42571406695148695,0.5882352941176471,226,0.4795830387935651,0.5042016806722689,31,0.44980970945883225,0.49645390070921985,33,A6  + XGBoost ensemble kembali  (= ME-XBAL+XGB),0.4517022717346281
A2b,42,S1,0.4250237584725462,0.6028097062579821,226,0.432703886152162,0.45588235294117646,31,0.47820549098138226,0.5142857142857142,33,A2b  proposed ME-XBAL  (scaler + PCA + cost-sensitive LR + threshold),0.44531104520203013
A2c,42,S1,0.37126248896104846,0.6223404255319149,226,0.4018759018759019,0.45901639344262296,31,0.44115459545979574,0.47540983606557374,33,A2c  proposed minus LR  (scaler + PCA + cost-sensitive XGB + threshold),0.404764328765582
A0,7,S1,0.23485521643487317,0.6273062730627307,226,0.16476190476190478,0.29411764705882354,31,0.16161616161616163,0.4057971014492754,32,A0  base: LR on raw embeddings,0.18707776093764653
A1,7,S1,0.35916333180948684,0.6,226,0.33011803011803015,0.3146067415730337,31,0.23148148148148148,0.4175824175824176,32,A1  + StandardScaler,0.3069209478029995
A2,7,S1,0.3581648645574298,0.5923566878980892,226,0.381658692185008,0.37894736842105264,31,0.26392779333955807,0.40963855421686746,32,A2  + PCA (95% variance),0.3345837833606653
A3,7,S1,0.24341248027688703,0.6340579710144928,226,0.12043010752688173,0.2191780821917808,31,0.15717990717990718,0.35135135135135137,32,A3  XGBoost replaces LR,0.17367416499455865
A4,7,S1,0.35455706689406075,0.6111111111111112,226,0.2669934640522876,0.32098765432098764,31,0.2466341375259781,0.4,32,A4  + cost-sensitive weighting,0.28939488949077546
A5,7,S1,0.36703860136085203,0.6153846153846154,226,0.34272852751113625,0.3956043956043956,31,0.28253968253968254,0.425,32,A5  + hybrid ensemble XGB+LR,0.3307689371372236
A6,7,S1,0.3874007000986351,0.5968586387434555,226,0.46009816207184623,0.5,31,0.43088674726338866,0.5245901639344263,32,A6  + XGBoost ensemble kembali  (= ME-XBAL+XGB),0.4261285364779566
A2b,7,S1,0.3984906233622301,0.5739570164348925,226,0.4412910618792971,0.453781512605042,31,0.34458152958152954,0.48598130841121495,32,A2b  proposed ME-XBAL  (scaler + PCA + cost-sensitive LR + threshold),0.39478773827435226
A2c,7,S1,0.37056452222194264,0.5761124121779859,226,0.402952722307561,0.4503311258278146,31,0.3740079365079365,0.47368421052631576,32,A2c  proposed minus LR  (scaler + PCA + cost-sensitive XGB + threshold),0.3825083936791467
A0,13,S1,0.22706273760787077,0.6361974405850092,226,0.2241935483870968,0.410958904109589,31,0.22474747474747478,0.4927536231884058,29,A0  base: LR on raw embeddings,0.22533458691414746
A1,13,S1,0.35024879855100566,0.5927099841521395,226,0.33435545935545935,0.425531914893617,31,0.5372994652406418,0.6262626262626263,29,A1  + StandardScaler,0.4073012410490356
A2,13,S1,0.3772684685649717,0.6009389671361502,226,0.40092033570294444,0.48484848484848486,31,0.45170311714429356,0.5679012345679012,29,A2  + PCA (95% variance),0.4099639738040699
A3,13,S1,0.2084090221011202,0.6142595978062158,226,0.17692307692307693,0.34782608695652173,31,0.23219373219373218,0.4864864864864865,29,A3  XGBoost replaces LR,0.20584194373930975
A4,13,S1,0.2841374269005848,0.5806451612903226,226,0.3616402116402117,0.4235294117647059,31,0.3140166028097063,0.5128205128205128,29,A4  + cost-sensitive weighting,0.31993141378350093
A5,13,S1,0.3516183114375034,0.5958132045088567,226,0.35969308469308464,0.48936170212765956,31,0.39556664959890764,0.5977011494252874,29,A5  + hybrid ensemble XGB+LR,0.3689593485764986
A6,13,S1,0.4111784621280084,0.6038647342995169,226,0.3795500795500795,0.4503311258278146,31,0.5175523897633432,0.5789473684210527,29,A6  + XGBoost ensemble kembali  (= ME-XBAL+XGB),0.4360936438138103
A2b,13,S1,0.40397431455368116,0.6068601583113457,226,0.4127730002730003,0.47619047619047616,31,0.4980392156862745,0.5691056910569106,29,A2b  proposed ME-XBAL  (scaler + PCA + cost-sensitive LR + threshold),0.438262176837652
A2c,13,S1,0.36884428205206765,0.5852534562211982,226,0.3942818877029403,0.46357615894039733,31,0.46303123399897594,0.5370370370370371,29,A2c  proposed minus LR  (scaler + PCA + cost-sensitive XGB + threshold),0.4087191345846613
A0,77,S1,0.23555012333827344,0.6410256410256411,226,0.1574074074074074,0.28169014084507044,31,0.20098039215686278,0.42857142857142855,32,A0  base: LR on raw embeddings,0.19797930763418123
A1,77,S1,0.36383067124446433,0.5755627009646302,226,0.35325476992143656,0.3673469387755102,31,0.34460642404190794,0.40860215053763443,32,A1  + StandardScaler,0.353897288402603
A2,77,S1,0.36016612034904716,0.5878594249201278,226,0.3490740740740741,0.3516483516483517,31,0.36932454800101855,0.4888888888888889,32,A2  + PCA (95% variance),0.3595215808080466
A3,77,S1,0.21997417957687826,0.6363636363636364,226,0.1261904761904762,0.23529411764705882,31,0.19095816464237517,0.42105263157894735,32,A3  XGBoost replaces LR,0.17904094013657654
A4,77,S1,0.3040542292039298,0.6312178387650086,226,0.2751322751322751,0.32,31,0.32378167641325534,0.4578313253012048,32,A4  + cost-sensitive weighting,0.3009893935831534
A5,77,S1,0.3633776188042923,0.6146179401993356,226,0.30429505135387486,0.3116883116883117,31,0.3922162804515746,0.5,32,A5  + hybrid ensemble XGB+LR,0.3532963168699139
A6,77,S1,0.41303931128979315,0.6111801242236025,226,0.36660407493740826,0.43243243243243246,31,0.46759259259259256,0.5362318840579711,32,A6  + XGBoost ensemble kembali  (= ME-XBAL+XGB),0.41574532627326466
A2b,77,S1,0.39336247053608714,0.6041131105398457,226,0.3795643705510878,0.4406779661016949,31,0.396911421911422,0.4806201550387597,32,A2b  proposed ME-XBAL  (scaler + PCA + cost-sensitive LR + threshold),0.38994608766619904
A2c,77,S1,0.36337597320536946,0.5804111245465539,226,0.45614600107353737,0.4576271186440678,31,0.42004809476878396,0.5037037037037037,32,A2c  proposed minus LR  (scaler + PCA + cost-sensitive XGB + threshold),0.4131900230158969
A0,101,S1,0.2277208554407998,0.6365280289330922,226,0.22307692307692306,0.37142857142857144,31,0.26587301587301587,0.43478260869565216,32,A0  base: LR on raw embeddings,0.2388902647969129
A1,101,S1,0.35148751239255693,0.5842349304482226,226,0.3038600288600289,0.3617021276595745,31,0.39097014097014093,0.43564356435643564,32,A1  + StandardScaler,0.3487725607409089
A2,101,S1,0.33523785080873064,0.5813586097946287,226,0.2582251082251082,0.3181818181818182,31,0.4037202261340192,0.49523809523809526,32,A2  + PCA (95% variance),0.3323943950559527
A3,101,S1,0.2092489825667707,0.6156648451730419,226,0.18125,0.33766233766233766,31,0.20925925925925926,0.4533333333333333,32,A3  XGBoost replaces LR,0.19991941394201
A4,101,S1,0.3363830173229582,0.5972696245733788,226,0.23809523809523805,0.33766233766233766,31,0.3693432928727047,0.4523809523809524,32,A4  + cost-sensitive weighting,0.31460718276363364
A5,101,S1,0.3303965099461153,0.580226904376013,226,0.28827573392790784,0.3695652173913043,31,0.44047619047619047,0.5252525252525253,32,A5  + hybrid ensemble XGB+LR,0.35304947811673787
A6,101,S1,0.40402986586470163,0.5969387755102041,226,0.3468406593406594,0.44642857142857145,31,0.4625701459034793,0.5,32,A6  + XGBoost ensemble kembali  (= ME-XBAL+XGB),0.4044802237029468
A2b,101,S1,0.3847731400468796,0.5732814526588845,226,0.35888331940963525,0.47863247863247865,31,0.4685572986718997,0.5217391304347826,32,A2b  proposed ME-XBAL  (scaler + PCA + cost-sensitive LR + threshold),0.4040712527094716
A2c,101,S1,0.3713258363909901,0.5514705882352942,226,0.33387799564270154,0.43478260869565216,31,0.5033656525262803,0.5416666666666666,32,A2c  proposed minus LR  (scaler + PCA + cost-sensitive XGB + threshold),0.402856494853324
A0,202,S1,0.22736034376918357,0.6336996336996337,226,0.205982905982906,0.34285714285714286,31,0.20304920304920304,0.4594594594594595,32,A0  base: LR on raw embeddings,0.21213081760043087
A1,202,S1,0.3572398260840391,0.5863708399366085,226,0.3770725461901932,0.3956043956043956,31,0.3258208758208758,0.45544554455445546,32,A1  + StandardScaler,0.353377749365036
A2,202,S1,0.34576663104874444,0.5808477237048666,226,0.3912907268170425,0.4835164835164835,31,0.44903546745652007,0.5625,32,A2  + PCA (95% variance),0.3953642751074357
A3,202,S1,0.23074074074074077,0.6311926605504588,226,0.1623931623931624,0.30985915492957744,31,0.1726190476190476,0.43037974683544306,32,A3  XGBoost replaces LR,0.18858431691765024
A4,202,S1,0.34507072272613243,0.5925925925925926,226,0.3750221513379408,0.4418604651162791,31,0.4037433155080214,0.5274725274725275,32,A4  + cost-sensitive weighting,0.37461206319069823
A5,202,S1,0.3443814950359936,0.5928338762214984,226,0.35693869335173684,0.4418604651162791,31,0.42804232804232806,0.5531914893617021,32,A5  + hybrid ensemble XGB+LR,0.3764541721433528
A6,202,S1,0.3667620297372307,0.5831202046035806,226,0.4675232175232175,0.5172413793103449,31,0.4375162828925112,0.5255474452554745,32,A6  + XGBoost ensemble kembali  (= ME-XBAL+XGB),0.42393384338431983
A2b,202,S1,0.39471798734823116,0.587012987012987,226,0.41703703703703704,0.46846846846846846,31,0.43704530763354293,0.5378151260504201,32,A2b  proposed ME-XBAL  (scaler + PCA + cost-sensitive LR + threshold),0.41626677733960377
A2c,202,S1,0.38058175623072615,0.5777262180974478,226,0.449722791828055,0.5573770491803278,31,0.4753324753324753,0.5826771653543307,32,A2c  proposed minus LR  (scaler + PCA + cost-sensitive XGB + threshold),0.4352123411304188
A0,303,S1,0.24068870523415983,0.6361974405850092,226,0.17872744539411203,0.3188405797101449,32,0.18803418803418803,0.375,32,A0  base: LR on raw embeddings,0.20248344622081996
A1,303,S1,0.3558645423146179,0.5758998435054773,226,0.25392934951758483,0.3488372093023256,32,0.3551470588235294,0.5054945054945055,32,A1  + StandardScaler,0.32164698355191074
A2,303,S1,0.3244287749693191,0.593900481540931,226,0.30268853953064484,0.3595505617977528,32,0.3501194743130227,0.4666666666666667,32,A2  + PCA (95% variance),0.3257455962709956
A3,303,S1,0.23158772112983536,0.6361974405850092,226,0.1952380952380952,0.37142857142857144,32,0.21139277389277392,0.4,32,A3  XGBoost replaces LR,0.2127395300869015
A4,303,S1,0.2653020891217486,0.5872193436960277,226,0.25761042923514316,0.3614457831325301,32,0.28965608465608467,0.37333333333333335,32,A4  + cost-sensitive weighting,0.27085620100432545
A5,303,S1,0.3384628076714031,0.603648424543947,226,0.32648856990962255,0.4090909090909091,32,0.3333333333333333,0.4444444444444444,32,A5  + hybrid ensemble XGB+LR,0.3327615703047863
A6,303,S1,0.37143752919460565,0.5997392438070405,226,0.41918771660150966,0.484375,32,0.4096861471861472,0.4915254237288136,32,A6  + XGBoost ensemble kembali  (= ME-XBAL+XGB),0.4001037976607542
A2b,303,S1,0.33162801253913954,0.5733695652173914,226,0.35766426135671664,0.4444444444444444,32,0.38094905094905096,0.4827586206896552,32,A2b  proposed ME-XBAL  (scaler + PCA + cost-sensitive LR + threshold),0.35674710828163575
A2c,303,S1,0.35709678718610555,0.5904059040590406,226,0.3584933458557747,0.4566929133858268,32,0.31934041301863136,0.39316239316239315,32,A2c  proposed minus LR  (scaler + PCA + cost-sensitive XGB + threshold),0.3449768486868372
A0,404,S1,0.2236842105263158,0.6286764705882353,226,0.1623931623931624,0.28125,31,0.23060344827586207,0.45714285714285713,32,A0  base: LR on raw embeddings,0.2055602737317801
A1,404,S1,0.40913966732657453,0.6099071207430341,226,0.2626994583516323,0.345679012345679,31,0.4709235209235209,0.5098039215686274,32,A1  + StandardScaler,0.3809208822005759
A2,404,S1,0.38631904977685855,0.6237942122186495,226,0.35412267471091,0.4,31,0.41927727444968826,0.5111111111111111,32,A2  + PCA (95% variance),0.3865729996458189
A3,404,S1,0.22740481755076083,0.6481481481481481,226,0.17539682539682536,0.25,31,0.23703703703703705,0.4675324675324675,32,A3  XGBoost replaces LR,0.21327955999487438
A4,404,S1,0.34719429498505666,0.6271186440677966,226,0.24165181224004753,0.32,31,0.3498353162599987,0.5060240963855421,32,A4  + cost-sensitive weighting,0.3128938078283676
A5,404,S1,0.3864801827546012,0.6356340288924559,226,0.22800372142477407,0.3037974683544304,31,0.42716049382716054,0.5581395348837209,32,A5  + hybrid ensemble XGB+LR,0.3472147993355119
A6,404,S1,0.43154762542888486,0.6067961165048543,226,0.38076742658786,0.4838709677419355,31,0.5386415827592298,0.556390977443609,32,A6  + XGBoost ensemble kembali  (= ME-XBAL+XGB),0.4503188782586582
A2b,404,S1,0.42684950077175726,0.5878048780487805,226,0.4084856734474731,0.4369747899159664,31,0.45660578158726367,0.515625,32,A2b  proposed ME-XBAL  (scaler + PCA + cost-sensitive LR + threshold),0.43064698526883133
A2c,404,S1,0.4082625477670227,0.6176836861768369,226,0.3811827534653622,0.47058823529411764,31,0.5056758056758056,0.5263157894736842,32,A2c  proposed minus LR  (scaler + PCA + cost-sensitive XGB + threshold),0.4317070356360635
A0,505,S1,0.24866698828846234,0.6666666666666666,226,0.2235803412274001,0.4,31,0.20383141762452106,0.4117647058823529,32,A0  base: LR on raw embeddings,0.22535958238012785
A1,505,S1,0.36817841028367343,0.5984496124031008,226,0.3386530843237125,0.37209302325581395,31,0.32213031890451244,0.425531914893617,32,A1  + StandardScaler,0.34298727117063277
A2,505,S1,0.35594416109051474,0.6043613707165109,226,0.40483455014347464,0.4444444444444444,31,0.3425016976487565,0.4421052631578947,32,A2  + PCA (95% variance),0.36776013629424864
A3,505,S1,0.2294234360410831,0.6360294117647058,226,0.12842712842712842,0.28169014084507044,31,0.19624819624819625,0.3611111111111111,32,A3  XGBoost replaces LR,0.18469958690546925
A4,505,S1,0.3153998133325217,0.6256410256410256,226,0.28400488400488405,0.379746835443038,31,0.29444444444444445,0.41975308641975306,32,A4  + cost-sensitive weighting,0.29794971392728337
A5,505,S1,0.36453025914497394,0.6109324758842444,226,0.4007704446300937,0.4578313253012048,31,0.32769607843137255,0.45977011494252873,32,A5  + hybrid ensemble XGB+LR,0.36433226073548003
A6,505,S1,0.38288422694323804,0.5938650306748466,226,0.43747995512701393,0.46875,31,0.4515888523241465,0.4915254237288136,32,A6  + XGBoost ensemble kembali  (= ME-XBAL+XGB),0.4239843447981328
A2b,505,S1,0.3757237567352821,0.5728395061728395,226,0.41462616462616464,0.45614035087719296,31,0.4308043865319407,0.532258064516129,32,A2b  proposed ME-XBAL  (scaler + PCA + cost-sensitive LR + threshold),0.4070514359644624
A2c,505,S1,0.3614861717248708,0.5748792270531401,226,0.37077352472089314,0.47619047619047616,31,0.4154970760233918,0.4918032786885246,32,A2c  proposed minus LR  (scaler + PCA + cost-sensitive XGB + threshold),0.38258559082305194
A0,606,S1,0.2002801120448179,0.6219739292364991,226,0.19907407407407407,0.34782608695652173,31,0.18999323867478024,0.37142857142857144,32,A0  base: LR on raw embeddings,0.19644914159789073
A1,606,S1,0.3399311498406137,0.5754276827371695,226,0.27685185185185185,0.3855421686746988,31,0.3142150247413405,0.45161290322580644,32,A1  + StandardScaler,0.31033267547793536
A2,606,S1,0.33177333763172395,0.5727554179566563,226,0.3618206836163493,0.40963855421686746,31,0.3385695187165776,0.48936170212765956,32,A2  + PCA (95% variance),0.3440545133215503
A3,606,S1,0.2315942028985507,0.6485507246376812,226,0.19624819624819625,0.3783783783783784,31,0.2209348385818974,0.4155844155844156,32,A3  XGBoost replaces LR,0.21625907924288146
A4,606,S1,0.33146973554280057,0.6124567474048442,226,0.2297008547008547,0.37333333333333335,31,0.25638569604086847,0.4044943820224719,32,A4  + cost-sensitive weighting,0.2725187620948412
A5,606,S1,0.35307856802380977,0.6084142394822006,226,0.3204260651629072,0.4146341463414634,31,0.25758284600389864,0.38202247191011235,32,A5  + hybrid ensemble XGB+LR,0.3103624930635385
A6,606,S1,0.37010324482601065,0.6063829787234043,226,0.4096003157788055,0.509090909090909,31,0.3293068617206549,0.4727272727272727,32,A6  + XGBoost ensemble kembali  (= ME-XBAL+XGB),0.36967014077515703
A2b,606,S1,0.39853653188692983,0.5734265734265734,226,0.4402176259060317,0.5203252032520326,31,0.3472792440534376,0.48214285714285715,32,A2b  proposed ME-XBAL  (scaler + PCA + cost-sensitive LR + threshold),0.39534446728213307
A2c,606,S1,0.3579554525762758,0.5950840879689522,226,0.4296522921522921,0.5112781954887218,31,0.3264269574614402,0.4,32,A2c  proposed minus LR  (scaler + PCA + cost-sensitive XGB + threshold),0.3713449007300027
