token,shap_value,abs_shap
selama ,0.13158726765714435,0.13158726765714435
pikiran,0.12258693080264124,0.12258693080264124
tidak ,0.11982644663248376,0.11982644663248376
berat ,0.11595361560200237,0.11595361560200237
memikirkan ,0.11440957315220429,0.11440957315220429
orang ,0.08646989110759537,0.08646989110759537
ini ,0.06350515969941214,0.06350515969941214
yang ,0.05683657298114062,0.05683657298114062
di ,-0.04910013034782764,0.04910013034782764
untuk ,-0.03847912598930077,0.03847912598930077
Yang ,0.03784093089676465,0.03784093089676465
otak ,-0.036119555201285646,0.036119555201285646
ada ,0.03313701525485511,0.03313701525485511
"""",0.023690988854732906,0.023690988854732906
itu ,0.01773541655789379,0.01773541655789379
mereset ,0.008133362312898226,0.008133362312898226
dalam ,0.0057460653807240285,0.0057460653807240285
