id,lang,target_class,shap_deletion_aopc,random_deletion_aopc,shap_insertion_aopc,random_insertion_aopc
sun_564,sun,joy,0.06628536316672333,0.03284313311606042,0.4587186655766982,0.44807620930129166
sun_407,sun,joy,0.0082721445408106,0.00898863317433783,0.03268172094029206,0.027460224460369435
sun_619,sun,joy,0.024262303469582247,0.005202719526366535,0.12898366713472145,0.10359835150842563
sun_899,sun,joy,0.024477247731997442,0.025653664127104393,0.029598001702290173,0.0422458288150944
sun_360,sun,joy,0.00047784131706244776,0.012799939087150113,0.15429331715107752,0.15945368136532018
sun_337,sun,joy,0.005637120665674196,0.007303063728378819,0.1968064540937753,0.17396156750869823
sun_166,sun,joy,0.045758331504106686,0.021986789751735816,0.10482669151690112,0.09780871373574113
sun_444,sun,joy,0.3311219447920871,0.033315450313845994,0.5088369774849596,0.3810365781368592
sun_414,sun,sadness,0.008708944083684389,0.01103196127813256,0.020037705443522864,-0.01943863211399248
sun_1040,sun,joy,0.3214369734761444,0.08294331009582952,0.4840469745831573,0.24459163746608742
jav_128,jav,sadness,-0.0221483140479037,-0.02088460112885864,-0.09225890749220345,-0.06960893666734887
jav_91,jav,joy,0.3579131748278501,0.06276317176081835,0.48961218124738787,0.36124130546444455
jav_87,jav,joy,0.13732395554719423,-0.01059844769108551,0.04307781380004864,-0.1018308998023201
jav_10,jav,joy,0.3786737649864545,0.06501700068073421,0.3826590255541856,0.22527387181818875
jav_101,jav,joy,0.27302974802928553,0.08971238793738416,0.5310829554336035,0.2734613869818142
jav_90,jav,joy,0.17100423243249,0.009704096571543313,-0.04588615764094658,-0.17564394693694832
jav_2,jav,sadness,0.43798183911190414,-0.023106525704201675,0.03866566547373599,-0.3899274361819615
jav_99,jav,sadness,0.14876707437455144,-0.041139719715970205,-0.14966717615020275,-0.14746793190354765
jav_69,jav,sadness,0.09841693004202183,-0.0010915113282452223,-0.25870254842644363,-0.19163973644098145
jav_35,jav,surprise,0.2915352331374367,0.033907442848732046,0.07849919731113064,0.02673812451722285
ind_64,ind,joy,0.004835983263815106,0.011523930002851374,0.036655264353613846,0.02824550103950424
ind_95,ind,joy,0.014505317748695604,0.02662024592898693,0.10072254611583846,0.03807668097082336
ind_111,ind,joy,0.09758425736988015,-0.0012710311854264896,0.06348152142105772,0.033731512365002395
ind_113,ind,joy,0.026926352734549314,-0.05362153769342498,0.22649842366060705,0.19249318870347915
ind_84,ind,joy,0.29708659415656813,0.14600882274591886,0.4896101986979417,0.3537077948177608
ind_38,ind,surprise,0.2727864074707251,0.08053240800393152,0.4231956748862262,0.2870498904871287
ind_120,ind,sadness,0.1553616763260185,0.05643179195165391,0.011313680385429384,-0.14867166631980866
ind_15,ind,joy,-0.020257921379135364,-0.02826898095925697,0.06722167735332389,0.07213213776368023
ind_75,ind,sadness,0.3318834136380733,0.021155323440373797,0.26187376756786146,-0.22848542846738354
