model,seed,n_test,weight_xgb,macro_f1,micro_f1,accuracy,train_size,fit_time_s
ME-XBAL (train subset only),42,1081,0.1,0.4944235132568265,0.5374653098982424,0.5374653098982424,100,3.3620324289986456
ME-XBAL (train subset only),42,1081,0.45,0.5292585536326675,0.5679925994449584,0.5679925994449584,250,9.691700487999697
ME-XBAL (train subset only),42,1081,0.15,0.5532045533085549,0.6003700277520814,0.6003700277520814,500,19.93434865900053
ME-XBAL (train subset only),42,1081,0.05,0.6042427146748215,0.6419981498612396,0.6419981498612396,750,25.695829483000125
ME-XBAL (train subset only),42,1081,0.75,0.6033085587217754,0.6410730804810361,0.6410730804810361,1000,35.83466612300072
ME-XBAL (train subset only),42,1081,0.8,0.5807604768841939,0.6179463459759482,0.6179463459759482,1500,48.87315905900141
ME-XBAL (train subset only),42,1081,0.6000000000000001,0.6051812211719405,0.637372802960222,0.637372802960222,2000,54.93393669499892
ME-XBAL (train subset only),42,1081,0.8,0.6033137494547267,0.6382978723404256,0.6382978723404256,2500,66.54814471600002
ME-XBAL (train subset only),42,1081,0.65,0.6226617771380165,0.6558741905642923,0.6558741905642923,3000,68.09953755099923
ME-XBAL (train subset only),42,1081,0.65,0.624780996411194,0.6558741905642923,0.6558741905642923,3510,78.22246795800129
ME-XBAL (train subset only),7,1081,0.4,0.4630751489107915,0.5328399629972248,0.5328399629972248,100,3.4123564660003467
ME-XBAL (train subset only),7,1081,0.55,0.5344107356252298,0.5901942645698427,0.5901942645698427,250,9.14088796299984
ME-XBAL (train subset only),7,1081,0.45,0.5663940450908056,0.6077705827937095,0.6077705827937095,500,19.66739754000082
ME-XBAL (train subset only),7,1081,0.4,0.5561775109341199,0.5975948196114709,0.5975948196114709,750,25.39529047099859
ME-XBAL (train subset only),7,1081,0.0,0.5407535300775868,0.5790934320074006,0.5790934320074006,1000,36.22572989799846
ME-XBAL (train subset only),7,1081,0.75,0.6073081337723993,0.6484736355226642,0.6484736355226642,1500,51.21873280299951
ME-XBAL (train subset only),7,1081,0.7000000000000001,0.590408752697738,0.6271970397779834,0.6271970397779834,2000,59.79537621599957
ME-XBAL (train subset only),7,1081,0.7000000000000001,0.6056616779344053,0.6382978723404256,0.6382978723404256,2500,64.16467192399978
ME-XBAL (train subset only),7,1081,0.75,0.6008455010098492,0.633672525439408,0.633672525439408,3000,70.50692783299928
ME-XBAL (train subset only),7,1081,0.75,0.6090353048687996,0.6410730804810361,0.6410730804810361,3510,67.79279162999956
ME-XBAL (train subset only),13,1081,0.5,0.4672091854163974,0.4958371877890842,0.4958371877890842,100,3.29229771899918
ME-XBAL (train subset only),13,1081,0.65,0.4834263170596468,0.547641073080481,0.547641073080481,250,8.556175035000706
ME-XBAL (train subset only),13,1081,0.55,0.5351645941611667,0.580018501387604,0.580018501387604,500,19.58300727400092
ME-XBAL (train subset only),13,1081,0.5,0.5588081663507688,0.6022201665124884,0.6022201665124884,750,24.95644197599904
ME-XBAL (train subset only),13,1081,0.45,0.5686900358636386,0.6049953746530989,0.6049953746530989,1000,36.24465972500002
ME-XBAL (train subset only),13,1081,0.55,0.5896094724832077,0.6253469010175763,0.6253469010175763,1500,53.32113644600031
ME-XBAL (train subset only),13,1081,0.8,0.5648644755526288,0.6059204440333025,0.6059204440333025,2000,58.45706710999912
ME-XBAL (train subset only),13,1081,0.8,0.5829478783326577,0.6207215541165587,0.6207215541165587,2500,62.34254058899933
ME-XBAL (train subset only),13,1081,0.65,0.596764569115608,0.6262719703977798,0.6262719703977798,3000,68.6459367009993
ME-XBAL (train subset only),13,1081,0.7000000000000001,0.6099091427874302,0.6401480111008325,0.6401480111008325,3510,73.18468987800043
ME-XBAL (train subset only),77,1081,0.4,0.4698942927989037,0.5430157261794635,0.5430157261794635,100,3.151811130999704
ME-XBAL (train subset only),77,1081,0.5,0.5206965642675019,0.5781683626271971,0.5781683626271971,250,8.623191242999383
ME-XBAL (train subset only),77,1081,0.15,0.5544117517095226,0.5781683626271971,0.5781683626271971,500,19.342357542000173
ME-XBAL (train subset only),77,1081,0.6000000000000001,0.5756261268327645,0.6179463459759482,0.6179463459759482,750,26.05334025000048
ME-XBAL (train subset only),77,1081,0.05,0.5820749127995108,0.6188714153561518,0.6188714153561518,1000,37.3584445689994
ME-XBAL (train subset only),77,1081,0.7000000000000001,0.5964978069006203,0.6345975948196114,0.6345975948196114,1500,50.91609836999851
ME-XBAL (train subset only),77,1081,0.7000000000000001,0.6175385670850728,0.6503237742830712,0.6503237742830712,2000,63.34566502499911
ME-XBAL (train subset only),77,1081,0.6000000000000001,0.6002180257229935,0.635522664199815,0.635522664199815,2500,59.85748727300052
ME-XBAL (train subset only),77,1081,0.65,0.6230437090917063,0.6503237742830712,0.6503237742830712,3000,75.14563801700024
ME-XBAL (train subset only),77,1081,0.75,0.6261881144725793,0.6558741905642923,0.6558741905642923,3510,74.66439077499854
ME-XBAL (train subset only),101,1081,0.25,0.4762145977551736,0.543940795559667,0.543940795559667,100,3.268035344999589
ME-XBAL (train subset only),101,1081,0.3,0.5062980606572047,0.5605920444033302,0.5605920444033302,250,8.95126367100056
ME-XBAL (train subset only),101,1081,0.35,0.5402086274114405,0.5846438482886216,0.5846438482886216,500,19.15254449799977
ME-XBAL (train subset only),101,1081,0.35,0.5370911806600726,0.572617946345976,0.572617946345976,750,26.39045469600024
ME-XBAL (train subset only),101,1081,0.65,0.5823883748655023,0.6207215541165587,0.6207215541165587,1000,35.670292869999685
ME-XBAL (train subset only),101,1081,0.75,0.5999142349397718,0.6308973172987974,0.6308973172987974,1500,48.94488184900001
ME-XBAL (train subset only),101,1081,0.8,0.6185162028800378,0.6456984273820536,0.6456984273820536,2000,60.30032137799935
ME-XBAL (train subset only),101,1081,0.65,0.6053084660923603,0.633672525439408,0.633672525439408,2500,58.14507960800074
ME-XBAL (train subset only),101,1081,0.65,0.5993741669537659,0.6308973172987974,0.6308973172987974,3000,70.18831375500122
ME-XBAL (train subset only),101,1081,0.8,0.6062101540477692,0.6364477335800185,0.6364477335800185,3510,77.81049978699957
