model,seed,train_size,macro_f1,micro_f1,accuracy,best_val_macro_f1,epochs_run,n_pred_classes,train_time_s
E5 fine-tuned,42,100,0.2702490490207607,0.4727104532839963,0.4727104532839963,0.2717387492752952,5,4,46.03330658200139
E5 fine-tuned,42,250,0.4089211279644077,0.5587419056429233,0.5587419056429233,0.4170434500367326,5,5,62.52566073700109
E5 fine-tuned,42,500,0.6065681201407686,0.6577243293246994,0.6577243293246994,0.6415893488215276,5,5,96.40071290200105
E5 fine-tuned,42,750,0.6243097651991232,0.6725254394079556,0.6725254394079556,0.6208805256746432,5,5,131.59019430800072
E5 fine-tuned,42,1000,0.6403167599717241,0.6753006475485661,0.6753006475485661,0.630370822598449,5,5,164.33038115899762
E5 fine-tuned,42,1500,0.6443059520615005,0.6910268270120259,0.6910268270120259,0.6334678207508954,5,5,231.22627994699724
E5 fine-tuned,42,2000,0.6643812928572693,0.6956521739130435,0.6956521739130435,0.6792325827503414,5,5,300.2196561130004
E5 fine-tuned,42,2500,0.6538737969710295,0.6919518963922294,0.6919518963922294,0.6705649829567931,5,5,368.7939797149993
E5 fine-tuned,42,3000,0.6928648581511648,0.7197039777983348,0.7197039777983348,0.6739729736315834,5,5,435.061239941002
E5 fine-tuned,42,3510,0.6899352000699983,0.7160037002775208,0.7160037002775208,0.6789857025920519,4,5,403.2912978340028
E5 fine-tuned,7,100,0.2983547705017092,0.5383903792784459,0.5383903792784459,0.3034136551770893,5,4,44.96325038299983
E5 fine-tuned,7,250,0.4579709940827239,0.5753931544865865,0.5753931544865865,0.5018528380775906,5,5,66.18237934299759
E5 fine-tuned,7,500,0.5695101987235122,0.635522664199815,0.635522664199815,0.5663400120218085,5,5,100.39744987700033
E5 fine-tuned,7,750,0.6034761699329868,0.6669750231267345,0.6669750231267345,0.5907062053020009,5,5,134.69993005399738
E5 fine-tuned,7,1000,0.6634153760705048,0.6984273820536541,0.6984273820536541,0.6532494259148314,5,5,167.30864312999984
E5 fine-tuned,7,1500,0.6799150053962875,0.7132284921369103,0.7132284921369103,0.6845991554532206,5,5,234.19446306699683
E5 fine-tuned,7,2000,0.6557880923698731,0.696577243293247,0.696577243293247,0.6445763717911202,5,5,303.30547667599967
E5 fine-tuned,7,2500,0.6706892337449323,0.7095282146160962,0.7095282146160962,0.6980433069690428,5,5,371.6352569330011
E5 fine-tuned,7,3000,0.6840709323172927,0.7141535615171137,0.7141535615171137,0.6848414170692696,5,5,438.2006092310002
E5 fine-tuned,7,3510,0.6709765156026031,0.7150786308973173,0.7150786308973173,0.6799975943060479,5,5,508.2396969439978
E5 fine-tuned,13,100,0.3496554573126957,0.5467160037002775,0.5467160037002775,0.3254498682783201,5,4,44.48184696500175
E5 fine-tuned,13,250,0.5195359298762454,0.580018501387604,0.580018501387604,0.540071670050171,5,5,64.98095115400065
E5 fine-tuned,13,500,0.5590524892649691,0.6151711378353376,0.6151711378353376,0.5698268659790202,5,5,98.114235027002
E5 fine-tuned,13,750,0.6332445986295594,0.6762257169287696,0.6762257169287696,0.6307100707999909,5,5,132.8887206340005
E5 fine-tuned,13,1000,0.6321559989656649,0.6753006475485661,0.6753006475485661,0.6757036610848276,5,5,167.0167804470002
E5 fine-tuned,13,1500,0.6579796949652128,0.6993524514338575,0.6993524514338575,0.6548355567146904,5,5,235.07462662299804
E5 fine-tuned,13,2000,0.6470292123287245,0.6891766882516188,0.6891766882516188,0.6927917229794939,5,5,301.7349878870009
E5 fine-tuned,13,2500,0.6722453060875978,0.700277520814061,0.700277520814061,0.6842284422918816,5,5,369.09779315500055
E5 fine-tuned,13,3000,0.6741236108939711,0.7067530064754857,0.7067530064754857,0.6927418396645789,5,5,437.053644394
E5 fine-tuned,13,3510,0.6786580732136085,0.7132284921369103,0.7132284921369103,0.6927529338232422,4,5,404.7941311579998
E5 fine-tuned,77,100,0.3479438512683936,0.5300647548566142,0.5300647548566142,0.3740419386099121,5,4,44.68456128999969
E5 fine-tuned,77,250,0.445629113838391,0.5707678075855689,0.5707678075855689,0.427688498659618,5,5,66.1071951039994
E5 fine-tuned,77,500,0.5815003096371956,0.6456984273820536,0.6456984273820536,0.569720502280697,5,5,100.21014045300036
E5 fine-tuned,77,750,0.6146094751892814,0.666049953746531,0.666049953746531,0.6332974204302245,5,5,134.2724374299978
E5 fine-tuned,77,1000,0.6430903005747042,0.6845513413506013,0.6845513413506013,0.6253858407103896,5,5,167.29915187600272
E5 fine-tuned,77,1500,0.6413353134576865,0.6845513413506013,0.6845513413506013,0.6336000299900689,5,5,235.2358131280016
E5 fine-tuned,77,2000,0.6721155143341644,0.7067530064754857,0.7067530064754857,0.6560862558930832,5,5,303.06864092199976
E5 fine-tuned,77,2500,0.675541933838199,0.7086031452358927,0.7086031452358927,0.6592381909828186,5,5,371.5823270459987
E5 fine-tuned,77,3000,0.6556529696580669,0.6956521739130435,0.6956521739130435,0.648274947348106,4,5,350.1974253219996
E5 fine-tuned,77,3510,0.6914532045354675,0.7169287696577243,0.7169287696577243,0.6599651341377168,5,5,507.869710099003
E5 fine-tuned,101,100,0.2885204861714048,0.4949121184088806,0.4949121184088806,0.3005955959930571,5,3,42.25526281600105
E5 fine-tuned,101,250,0.4971800716232525,0.5772432932469935,0.5772432932469935,0.5268971340664294,5,5,63.590473751999525
E5 fine-tuned,101,500,0.5891286902796984,0.6484736355226642,0.6484736355226642,0.6125450917912518,5,5,97.98904591600149
E5 fine-tuned,101,750,0.6311133053692141,0.6604995374653099,0.6604995374653099,0.6628777948362766,5,5,130.82065166499888
E5 fine-tuned,101,1000,0.6072098380090353,0.6604995374653099,0.6604995374653099,0.6492859254406967,5,5,164.86117957199895
E5 fine-tuned,101,1500,0.627436596118027,0.6688251618871416,0.6688251618871416,0.6719841341415268,5,5,232.72697797
E5 fine-tuned,101,2000,0.6459911877364554,0.6799259944495837,0.6799259944495837,0.6735025499048329,5,5,299.6318015529978
E5 fine-tuned,101,2500,0.6502772742631652,0.6845513413506013,0.6845513413506013,0.6971263723327993,5,5,368.1311939719999
E5 fine-tuned,101,3000,0.6613747155739002,0.6947271045328399,0.6947271045328399,0.6974481607802019,5,5,435.8466832459999
E5 fine-tuned,101,3510,0.6602388970802023,0.692876965772433,0.692876965772433,0.6971120157676509,5,5,505.46906370099896
