model,seed,lang,n_test,weight_xgb,macro_f1
XLM-R LR,42,sun,226,0.0,0.3825338589094715
XLM-R LR,42,jav,31,0.0,0.3681318681318681
XLM-R LR,42,ind,33,0.0,0.4071508201942984
XLM-R XGB,42,sun,226,1.0,0.3904609347267467
XLM-R XGB,42,jav,31,1.0,0.3186290783179838
XLM-R XGB,42,ind,33,1.0,0.4085227272727272
XLM-R Hybrid,42,sun,226,0.0,0.3825338589094715
XLM-R Hybrid,42,jav,31,0.0,0.3681318681318681
XLM-R Hybrid,42,ind,33,0.0,0.4071508201942984
IndoBERT LR,42,sun,226,0.0,0.3937486055333707
IndoBERT LR,42,jav,31,0.0,0.3199775533108866
IndoBERT LR,42,ind,33,0.0,0.2585330428467683
IndoBERT XGB,42,sun,226,1.0,0.4213619668416046
IndoBERT XGB,42,jav,31,1.0,0.2914821763602251
IndoBERT XGB,42,ind,33,1.0,0.3132410480236567
IndoBERT Hybrid,42,sun,226,0.05,0.3901759891488753
IndoBERT Hybrid,42,jav,31,0.05,0.3157828973920928
IndoBERT Hybrid,42,ind,33,0.05,0.3096499136052889
E5 LR,42,sun,226,0.0,0.4238522377391698
E5 LR,42,jav,31,0.0,0.4111205379587732
E5 LR,42,ind,33,0.0,0.3505730794733352
E5 XGB,42,sun,226,1.0,0.4460039198740975
E5 XGB,42,jav,31,1.0,0.2937642680676736
E5 XGB,42,ind,33,1.0,0.3451267056530214
E5 Hybrid,42,sun,226,0.1,0.418732640016435
E5 Hybrid,42,jav,31,0.1,0.4133491780550604
E5 Hybrid,42,ind,33,0.1,0.3740770181946652
ME-XBAL (XLM-R),42,sun,226,0.05,0.4162857528403746
ME-XBAL (XLM-R),42,jav,31,0.05,0.402270024661329
ME-XBAL (XLM-R),42,ind,33,0.05,0.4752795605241773
ME-XBAL,42,sun,226,0.55,0.4541362373671953
ME-XBAL,42,jav,31,0.55,0.4357569551117938
ME-XBAL,42,ind,33,0.55,0.4273297491039426
XLM-R LR,7,sun,226,0.0,0.3730846966658142
XLM-R LR,7,jav,31,0.0,0.4596514596514596
XLM-R LR,7,ind,32,0.0,0.4023938223938224
XLM-R XGB,7,sun,226,1.0,0.3613585526458111
XLM-R XGB,7,jav,31,1.0,0.3564425770308123
XLM-R XGB,7,ind,32,1.0,0.2480506822612086
XLM-R Hybrid,7,sun,226,0.0,0.3730846966658142
XLM-R Hybrid,7,jav,31,0.0,0.4596514596514596
XLM-R Hybrid,7,ind,32,0.0,0.4023938223938224
IndoBERT LR,7,sun,226,0.0,0.3804839573769934
IndoBERT LR,7,jav,31,0.0,0.4442489072923855
IndoBERT LR,7,ind,32,0.0,0.3986161986161986
IndoBERT XGB,7,sun,226,1.0,0.3862000662421063
IndoBERT XGB,7,jav,31,1.0,0.3552663536403373
IndoBERT XGB,7,ind,32,1.0,0.3970175709306144
IndoBERT Hybrid,7,sun,226,0.0,0.3804839573769934
IndoBERT Hybrid,7,jav,31,0.0,0.4442489072923855
IndoBERT Hybrid,7,ind,32,0.0,0.3986161986161986
E5 LR,7,sun,226,0.0,0.4278506724327158
E5 LR,7,jav,31,0.0,0.3609320309320309
E5 LR,7,ind,32,0.0,0.3009896536212326
E5 XGB,7,sun,226,1.0,0.3873282264851886
E5 XGB,7,jav,31,1.0,0.3594435124836907
E5 XGB,7,ind,32,1.0,0.3452776822229866
E5 Hybrid,7,sun,226,0.05,0.4063650774177089
E5 Hybrid,7,jav,31,0.05,0.3649002849002849
E5 Hybrid,7,ind,32,0.05,0.3009896536212326
ME-XBAL (XLM-R),7,sun,226,0.0,0.3935890545538577
ME-XBAL (XLM-R),7,jav,31,0.0,0.4304093567251462
ME-XBAL (XLM-R),7,ind,32,0.0,0.3820987654320988
ME-XBAL,7,sun,226,0.4,0.4100298059668819
ME-XBAL,7,jav,31,0.4,0.4331623931623931
ME-XBAL,7,ind,32,0.4,0.4260082597810792
XLM-R LR,13,sun,226,0.0,0.3778181475553887
XLM-R LR,13,jav,31,0.0,0.3824026555881394
XLM-R LR,13,ind,29,0.0,0.5617212402202261
XLM-R XGB,13,sun,226,1.0,0.3724595375871786
XLM-R XGB,13,jav,31,1.0,0.3911854304011166
XLM-R XGB,13,ind,29,1.0,0.5004779577147999
XLM-R Hybrid,13,sun,226,0.0,0.3778181475553887
XLM-R Hybrid,13,jav,31,0.0,0.3824026555881394
XLM-R Hybrid,13,ind,29,0.0,0.5617212402202261
IndoBERT LR,13,sun,226,0.0,0.3769209348156716
IndoBERT LR,13,jav,31,0.0,0.2450980392156862
IndoBERT LR,13,ind,29,0.0,0.4391762452107279
IndoBERT XGB,13,sun,226,1.0,0.3853760754087238
IndoBERT XGB,13,jav,31,1.0,0.3765161265161265
IndoBERT XGB,13,ind,29,1.0,0.3350655899467444
IndoBERT Hybrid,13,sun,226,0.0,0.3769209348156716
IndoBERT Hybrid,13,jav,31,0.0,0.2450980392156862
IndoBERT Hybrid,13,ind,29,0.0,0.4391762452107279
E5 LR,13,sun,226,0.0,0.4039408866995074
E5 LR,13,jav,31,0.0,0.4118159618159618
E5 LR,13,ind,29,0.0,0.4612446486783708
E5 XGB,13,sun,226,1.0,0.4042740449137322
E5 XGB,13,jav,31,1.0,0.3266137566137566
E5 XGB,13,ind,29,1.0,0.3612573099415204
E5 Hybrid,13,sun,226,0.15,0.4048653379862775
E5 Hybrid,13,jav,31,0.15,0.4118159618159618
E5 Hybrid,13,ind,29,0.15,0.4612446486783708
ME-XBAL (XLM-R),13,sun,226,0.0,0.4052782202073048
ME-XBAL (XLM-R),13,jav,31,0.0,0.3754763523256293
ME-XBAL (XLM-R),13,ind,29,0.0,0.5164532499831955
ME-XBAL,13,sun,226,0.4,0.4463684747879852
ME-XBAL,13,jav,31,0.4,0.5397834707432231
ME-XBAL,13,ind,29,0.4,0.4061583029623399
XLM-R LR,77,sun,226,0.0,0.3939679071793322
XLM-R LR,77,jav,31,0.0,0.3879222629222629
XLM-R LR,77,ind,32,0.0,0.4172025505358838
XLM-R XGB,77,sun,226,1.0,0.3485073243306864
XLM-R XGB,77,jav,31,1.0,0.3493055555555555
XLM-R XGB,77,ind,32,1.0,0.4288084464555053
XLM-R Hybrid,77,sun,226,0.0,0.3939679071793322
XLM-R Hybrid,77,jav,31,0.0,0.3879222629222629
XLM-R Hybrid,77,ind,32,0.0,0.4172025505358838
IndoBERT LR,77,sun,226,0.0,0.368074419171158
IndoBERT LR,77,jav,31,0.0,0.2862103174603174
IndoBERT LR,77,ind,32,0.0,0.3877587991718427
IndoBERT XGB,77,sun,226,1.0,0.3465172338618188
IndoBERT XGB,77,jav,31,1.0,0.2695539754363283
IndoBERT XGB,77,ind,32,1.0,0.4383428300094967
IndoBERT Hybrid,77,sun,226,0.1,0.3664182016705333
IndoBERT Hybrid,77,jav,31,0.1,0.2894782913165266
IndoBERT Hybrid,77,ind,32,0.1,0.4000568081450434
E5 LR,77,sun,226,0.0,0.3846352136487279
E5 LR,77,jav,31,0.0,0.2842981092981093
E5 LR,77,ind,32,0.0,0.5351158645276293
E5 XGB,77,sun,226,1.0,0.3928431754910114
E5 XGB,77,jav,31,1.0,0.3801853117642591
E5 XGB,77,ind,32,1.0,0.5526154401154401
E5 Hybrid,77,sun,226,0.35,0.3830967307341463
E5 Hybrid,77,jav,31,0.35,0.3341269841269841
E5 Hybrid,77,ind,32,0.35,0.4685961935961936
ME-XBAL (XLM-R),77,sun,226,0.15,0.3982342783813372
ME-XBAL (XLM-R),77,jav,31,0.15,0.3659459952563401
ME-XBAL (XLM-R),77,ind,32,0.15,0.4091896407685881
ME-XBAL,77,sun,226,0.05,0.3760135728673597
ME-XBAL,77,jav,31,0.05,0.3305416761299114
ME-XBAL,77,ind,32,0.05,0.5262792397660819
XLM-R LR,101,sun,226,0.0,0.3831671570415324
XLM-R LR,101,jav,31,0.0,0.4153619528619528
XLM-R LR,101,ind,32,0.0,0.4294320166690433
XLM-R XGB,101,sun,226,1.0,0.3360771970503139
XLM-R XGB,101,jav,31,1.0,0.2531512605042016
XLM-R XGB,101,ind,32,1.0,0.4885620915032679
XLM-R Hybrid,101,sun,226,0.0,0.3831671570415324
XLM-R Hybrid,101,jav,31,0.0,0.4153619528619528
XLM-R Hybrid,101,ind,32,0.0,0.4294320166690433
IndoBERT LR,101,sun,226,0.0,0.3346218709588541
IndoBERT LR,101,jav,31,0.0,0.3290214335472955
IndoBERT LR,101,ind,32,0.0,0.3772473022473022
IndoBERT XGB,101,sun,226,1.0,0.3300542042665839
IndoBERT XGB,101,jav,31,1.0,0.2909879576546243
IndoBERT XGB,101,ind,32,1.0,0.4341269841269841
IndoBERT Hybrid,101,sun,226,0.05,0.3333645333645333
IndoBERT Hybrid,101,jav,31,0.05,0.3012436557695178
IndoBERT Hybrid,101,ind,32,0.05,0.3751947570913088
E5 LR,101,sun,226,0.0,0.3803631302762204
E5 LR,101,jav,31,0.0,0.4190474207340773
E5 LR,101,ind,32,0.0,0.4204666204666205
E5 XGB,101,sun,226,1.0,0.4102544305146839
E5 XGB,101,jav,31,1.0,0.4805882352941177
E5 XGB,101,ind,32,1.0,0.394622082897945
E5 Hybrid,101,sun,226,0.0,0.3803631302762204
E5 Hybrid,101,jav,31,0.0,0.4190474207340773
E5 Hybrid,101,ind,32,0.0,0.4204666204666205
ME-XBAL (XLM-R),101,sun,226,0.05,0.384062698030952
ME-XBAL (XLM-R),101,jav,31,0.05,0.4752415458937198
ME-XBAL (XLM-R),101,ind,32,0.05,0.4562731435101702
ME-XBAL,101,sun,226,0.25,0.3943258651163563
ME-XBAL,101,jav,31,0.25,0.435242504409171
ME-XBAL,101,ind,32,0.25,0.3780897207367795
XLM-R LR,202,sun,226,0.0,0.3821721690303938
XLM-R LR,202,jav,31,0.0,0.412962962962963
XLM-R LR,202,ind,32,0.0,0.4947330447330447
XLM-R XGB,202,sun,226,1.0,0.4145080334735507
XLM-R XGB,202,jav,31,1.0,0.3607351712614871
XLM-R XGB,202,ind,32,1.0,0.4408211943095663
XLM-R Hybrid,202,sun,226,0.0,0.3821721690303938
XLM-R Hybrid,202,jav,31,0.0,0.412962962962963
XLM-R Hybrid,202,ind,32,0.0,0.4947330447330447
IndoBERT LR,202,sun,226,0.0,0.393796640665302
IndoBERT LR,202,jav,31,0.0,0.4151749808399425
IndoBERT LR,202,ind,32,0.0,0.4050207039337474
IndoBERT XGB,202,sun,226,1.0,0.3758696264282604
IndoBERT XGB,202,jav,31,1.0,0.3707184628237259
IndoBERT XGB,202,ind,32,1.0,0.303111691831204
IndoBERT Hybrid,202,sun,226,0.05,0.3945828183265302
IndoBERT Hybrid,202,jav,31,0.05,0.3846825565975182
IndoBERT Hybrid,202,ind,32,0.05,0.4057431457431457
E5 LR,202,sun,226,0.0,0.3751144338711941
E5 LR,202,jav,31,0.0,0.4759742845764351
E5 LR,202,ind,32,0.0,0.4989039530414004
E5 XGB,202,sun,226,1.0,0.3928469678469679
E5 XGB,202,jav,31,1.0,0.4433727114034019
E5 XGB,202,ind,32,1.0,0.4237246413717002
E5 Hybrid,202,sun,226,0.4,0.3925772574128629
E5 Hybrid,202,jav,31,0.4,0.520995670995671
E5 Hybrid,202,ind,32,0.4,0.4967340067340067
ME-XBAL (XLM-R),202,sun,226,0.1,0.3973413812943947
ME-XBAL (XLM-R),202,jav,31,0.1,0.3971488281833109
ME-XBAL (XLM-R),202,ind,32,0.1,0.4721445221445221
ME-XBAL,202,sun,226,0.3,0.4013643736258416
ME-XBAL,202,jav,31,0.3,0.5364567332309268
ME-XBAL,202,ind,32,0.3,0.4958326697457132
XLM-R LR,303,sun,226,0.0,0.3412113235940324
XLM-R LR,303,jav,32,0.0,0.331537356321839
XLM-R LR,303,ind,32,0.0,0.3293354598617756
XLM-R XGB,303,sun,226,1.0,0.3226832835823426
XLM-R XGB,303,jav,32,1.0,0.4086493086493086
XLM-R XGB,303,ind,32,1.0,0.3893941348469212
XLM-R Hybrid,303,sun,226,0.2,0.3493400656598042
XLM-R Hybrid,303,jav,32,0.2,0.3452741702741702
XLM-R Hybrid,303,ind,32,0.2,0.3353960659223817
IndoBERT LR,303,sun,226,0.0,0.3327486228084114
IndoBERT LR,303,jav,32,0.0,0.3799801940978412
IndoBERT LR,303,ind,32,0.0,0.4062292483345115
IndoBERT XGB,303,sun,226,1.0,0.3430208074525816
IndoBERT XGB,303,jav,32,1.0,0.305134520651762
IndoBERT XGB,303,ind,32,1.0,0.3824675324675324
IndoBERT Hybrid,303,sun,226,0.0,0.3327486228084114
IndoBERT Hybrid,303,jav,32,0.0,0.3799801940978412
IndoBERT Hybrid,303,ind,32,0.0,0.4062292483345115
E5 LR,303,sun,226,0.0,0.4033133984945181
E5 LR,303,jav,32,0.0,0.3340277777777777
E5 LR,303,ind,32,0.0,0.3192567567567567
E5 XGB,303,sun,226,1.0,0.4008238961142825
E5 XGB,303,jav,32,1.0,0.3197781114447781
E5 XGB,303,ind,32,1.0,0.5703154946189002
E5 Hybrid,303,sun,226,0.3,0.3975171726897468
E5 Hybrid,303,jav,32,0.3,0.3669642857142857
E5 Hybrid,303,ind,32,0.3,0.3383627324803795
ME-XBAL (XLM-R),303,sun,226,0.4,0.3906562611874584
ME-XBAL (XLM-R),303,jav,32,0.4,0.320151828847481
ME-XBAL (XLM-R),303,ind,32,0.4,0.4123931623931624
ME-XBAL,303,sun,226,0.0,0.4371382736815874
ME-XBAL,303,jav,32,0.0,0.3483218422533304
ME-XBAL,303,ind,32,0.0,0.4275563607085346
XLM-R LR,404,sun,226,0.0,0.4256104065259942
XLM-R LR,404,jav,31,0.0,0.370969089390142
XLM-R LR,404,ind,32,0.0,0.4508648758648759
XLM-R XGB,404,sun,226,1.0,0.3539607162954811
XLM-R XGB,404,jav,31,1.0,0.3472465034965035
XLM-R XGB,404,ind,32,1.0,0.3973140413920024
XLM-R Hybrid,404,sun,226,0.05,0.4263796264361921
XLM-R Hybrid,404,jav,31,0.05,0.370969089390142
XLM-R Hybrid,404,ind,32,0.05,0.4587557603686636
IndoBERT LR,404,sun,226,0.0,0.4314674638633595
IndoBERT LR,404,jav,31,0.0,0.2659740642499263
IndoBERT LR,404,ind,32,0.0,0.4495012234142669
IndoBERT XGB,404,sun,226,1.0,0.3422078128224644
IndoBERT XGB,404,jav,31,1.0,0.3545821462488129
IndoBERT XGB,404,ind,32,1.0,0.3894751082251082
IndoBERT Hybrid,404,sun,226,0.0,0.4314674638633595
IndoBERT Hybrid,404,jav,31,0.0,0.2659740642499263
IndoBERT Hybrid,404,ind,32,0.0,0.4495012234142669
E5 LR,404,sun,226,0.0,0.3911728775944462
E5 LR,404,jav,31,0.0,0.272039072039072
E5 LR,404,ind,32,0.0,0.3746928746928746
E5 XGB,404,sun,226,1.0,0.445330228740367
E5 XGB,404,jav,31,1.0,0.3394708994708995
E5 XGB,404,ind,32,1.0,0.4135876323459002
E5 Hybrid,404,sun,226,0.0,0.3911728775944462
E5 Hybrid,404,jav,31,0.0,0.272039072039072
E5 Hybrid,404,ind,32,0.0,0.3746928746928746
ME-XBAL (XLM-R),404,sun,226,0.45,0.4368712639577282
ME-XBAL (XLM-R),404,jav,31,0.45,0.4046275108060005
ME-XBAL (XLM-R),404,ind,32,0.45,0.4307795698924732
ME-XBAL,404,sun,226,0.3,0.4308116007228129
ME-XBAL,404,jav,31,0.3,0.4039788988600534
ME-XBAL,404,ind,32,0.3,0.3930151956467746
XLM-R LR,505,sun,226,0.0,0.3652480651250874
XLM-R LR,505,jav,31,0.0,0.3425982619531007
XLM-R LR,505,ind,32,0.0,0.3526523403974384
XLM-R XGB,505,sun,226,1.0,0.3397955263283003
XLM-R XGB,505,jav,31,1.0,0.3604666218664098
XLM-R XGB,505,ind,32,1.0,0.3866596007772478
XLM-R Hybrid,505,sun,226,0.0,0.3652480651250874
XLM-R Hybrid,505,jav,31,0.0,0.3425982619531007
XLM-R Hybrid,505,ind,32,0.0,0.3526523403974384
IndoBERT LR,505,sun,226,0.0,0.4077226929880308
IndoBERT LR,505,jav,31,0.0,0.3685076572173346
IndoBERT LR,505,ind,32,0.0,0.418213407915925
IndoBERT XGB,505,sun,226,1.0,0.3339863018547275
IndoBERT XGB,505,jav,31,1.0,0.3451183892360362
IndoBERT XGB,505,ind,32,1.0,0.3696127946127945
IndoBERT Hybrid,505,sun,226,0.1,0.3882942433064695
IndoBERT Hybrid,505,jav,31,0.1,0.2908269891028511
IndoBERT Hybrid,505,ind,32,0.1,0.423430799220273
E5 LR,505,sun,226,0.0,0.3702348341611827
E5 LR,505,jav,31,0.0,0.4839617898441428
E5 LR,505,ind,32,0.0,0.3333263333263333
E5 XGB,505,sun,226,1.0,0.3723291862840509
E5 XGB,505,jav,31,1.0,0.3431667550371156
E5 XGB,505,ind,32,1.0,0.3659060846560846
E5 Hybrid,505,sun,226,0.1,0.3683745528854225
E5 Hybrid,505,jav,31,0.1,0.4839617898441428
E5 Hybrid,505,ind,32,0.1,0.3333263333263333
ME-XBAL (XLM-R),505,sun,226,0.0,0.3832834960349462
ME-XBAL (XLM-R),505,jav,31,0.0,0.4551057130004498
ME-XBAL (XLM-R),505,ind,32,0.0,0.4631613697470475
ME-XBAL,505,sun,226,0.05,0.3890786907878765
ME-XBAL,505,jav,31,0.05,0.4725190931073284
ME-XBAL,505,ind,32,0.05,0.3978221258923013
XLM-R LR,606,sun,226,0.0,0.3682561719048642
XLM-R LR,606,jav,31,0.0,0.4314934108037556
XLM-R LR,606,ind,32,0.0,0.3574372089973113
XLM-R XGB,606,sun,226,1.0,0.3748136732360016
XLM-R XGB,606,jav,31,1.0,0.3413547237076648
XLM-R XGB,606,ind,32,1.0,0.3268914993052924
XLM-R Hybrid,606,sun,226,0.1,0.3658445036364489
XLM-R Hybrid,606,jav,31,0.1,0.4314934108037556
XLM-R Hybrid,606,ind,32,0.1,0.3775837291438315
IndoBERT LR,606,sun,226,0.0,0.3845830193075777
IndoBERT LR,606,jav,31,0.0,0.2913614163614164
IndoBERT LR,606,ind,32,0.0,0.4159129759129759
IndoBERT XGB,606,sun,226,1.0,0.4492454154551888
IndoBERT XGB,606,jav,31,1.0,0.3082166199813258
IndoBERT XGB,606,ind,32,1.0,0.4418229918229919
IndoBERT Hybrid,606,sun,226,0.05,0.3834779529051044
IndoBERT Hybrid,606,jav,31,0.05,0.3008852258852258
IndoBERT Hybrid,606,ind,32,0.05,0.4385429385429385
E5 LR,606,sun,226,0.0,0.4068274318274318
E5 LR,606,jav,31,0.0,0.4147431963523917
E5 LR,606,ind,32,0.0,0.3746966229803758
E5 XGB,606,sun,226,1.0,0.4126594131187979
E5 XGB,606,jav,31,1.0,0.3687107797452625
E5 XGB,606,ind,32,1.0,0.3754755123923481
E5 Hybrid,606,sun,226,0.0,0.4068274318274318
E5 Hybrid,606,jav,31,0.0,0.4147431963523917
E5 Hybrid,606,ind,32,0.0,0.3746966229803758
ME-XBAL (XLM-R),606,sun,226,0.5,0.3953059137303552
ME-XBAL (XLM-R),606,jav,31,0.5,0.3714285714285714
ME-XBAL (XLM-R),606,ind,32,0.5,0.318978243978244
ME-XBAL,606,sun,226,0.0,0.4332783695538159
ME-XBAL,606,jav,31,0.0,0.4316586921850079
ME-XBAL,606,ind,32,0.0,0.3641986668302457
