model,seed,n_test,weight_xgb,macro_f1,micro_f1,accuracy
XLM-R LR,42,1081,0.0,0.5778536562329227,0.6207215541165587,0.6207215541165587
XLM-R XGB,42,1081,1.0,0.5223123320671205,0.5790934320074006,0.5790934320074006
XLM-R Hybrid,42,1081,0.6000000000000001,0.5772549402303175,0.6216466234967623,0.6216466234967623
IndoBERT LR,42,1081,0.0,0.5906866357726218,0.6308973172987974,0.6308973172987974
IndoBERT XGB,42,1081,1.0,0.5383613751924852,0.6003700277520814,0.6003700277520814
IndoBERT Hybrid,42,1081,0.5,0.5958411317147416,0.6419981498612396,0.6419981498612396
E5 LR,42,1081,0.0,0.6220228033432542,0.6577243293246994,0.6577243293246994
E5 XGB,42,1081,1.0,0.5897015508643929,0.6401480111008325,0.6401480111008325
E5 Hybrid,42,1081,0.65,0.6222578917067132,0.6641998149861239,0.6641998149861239
ME-XBAL (XLM-R),42,1081,0.7000000000000001,0.5961082063723573,0.6262719703977798,0.6262719703977798
ME-XBAL,42,1081,0.7000000000000001,0.6217343855723251,0.6549491211840888,0.6549491211840888
XLM-R LR,7,1081,0.0,0.5627408843227895,0.6096207215541165,0.6096207215541165
XLM-R XGB,7,1081,1.0,0.549124742528177,0.5911193339500462,0.5911193339500462
XLM-R Hybrid,7,1081,0.6000000000000001,0.5698532593569965,0.6225716928769658,0.6225716928769658
IndoBERT LR,7,1081,0.0,0.5665039882251923,0.61054579093432,0.61054579093432
IndoBERT XGB,7,1081,1.0,0.5207820397829531,0.57631822386679,0.57631822386679
IndoBERT Hybrid,7,1081,0.6000000000000001,0.5685118935893406,0.6160962072155411,0.6160962072155411
E5 LR,7,1081,0.0,0.6098669237163545,0.6484736355226642,0.6484736355226642
E5 XGB,7,1081,1.0,0.5781864756180338,0.6327474560592045,0.6327474560592045
E5 Hybrid,7,1081,0.7000000000000001,0.6299598054879509,0.6706753006475485,0.6706753006475485
ME-XBAL (XLM-R),7,1081,0.55,0.579012892412723,0.6123959296947271,0.6123959296947271
ME-XBAL,7,1081,0.6000000000000001,0.6421540464089015,0.6716003700277521,0.6716003700277521
XLM-R LR,13,1081,0.0,0.5886412245863951,0.6318223866790009,0.6318223866790009
XLM-R XGB,13,1081,1.0,0.5440390844698034,0.5957446808510638,0.5957446808510638
XLM-R Hybrid,13,1081,0.6000000000000001,0.5886740904835733,0.6345975948196114,0.6345975948196114
IndoBERT LR,13,1081,0.0,0.5796576708449218,0.6216466234967623,0.6216466234967623
IndoBERT XGB,13,1081,1.0,0.5472381030416844,0.603145235892692,0.603145235892692
IndoBERT Hybrid,13,1081,0.55,0.5848721335235049,0.6318223866790009,0.6318223866790009
E5 LR,13,1081,0.0,0.5893356764300677,0.6299722479185939,0.6299722479185939
E5 XGB,13,1081,1.0,0.5924638762408828,0.6345975948196114,0.6345975948196114
E5 Hybrid,13,1081,0.65,0.6052674585095427,0.6503237742830712,0.6503237742830712
ME-XBAL (XLM-R),13,1081,0.7000000000000001,0.5968091564984936,0.6271970397779834,0.6271970397779834
ME-XBAL,13,1081,0.7000000000000001,0.6292197432578677,0.6586493987049029,0.6586493987049029
XLM-R LR,77,1081,0.0,0.5788827371160287,0.6207215541165587,0.6207215541165587
XLM-R XGB,77,1081,1.0,0.545722250636991,0.5920444033302498,0.5920444033302498
XLM-R Hybrid,77,1081,0.65,0.5852927050042901,0.6364477335800185,0.6364477335800185
IndoBERT LR,77,1081,0.0,0.5641744194582824,0.603145235892692,0.603145235892692
IndoBERT XGB,77,1081,1.0,0.5656597741520434,0.606845513413506,0.606845513413506
IndoBERT Hybrid,77,1081,0.4,0.5742356659144078,0.6142460684551342,0.6142460684551342
E5 LR,77,1081,0.0,0.5933726263940728,0.633672525439408,0.633672525439408
E5 XGB,77,1081,1.0,0.5877332390181844,0.6308973172987974,0.6308973172987974
E5 Hybrid,77,1081,0.6000000000000001,0.6018562674372486,0.6456984273820536,0.6456984273820536
ME-XBAL (XLM-R),77,1081,0.55,0.606674312055269,0.6327474560592045,0.6327474560592045
ME-XBAL,77,1081,0.65,0.6351466842670711,0.6641998149861239,0.6641998149861239
XLM-R LR,101,1081,0.0,0.5967447627087414,0.6308973172987974,0.6308973172987974
XLM-R XGB,101,1081,1.0,0.5351693087471184,0.5772432932469935,0.5772432932469935
XLM-R Hybrid,101,1081,0.55,0.6032437874692118,0.6364477335800185,0.6364477335800185
IndoBERT LR,101,1081,0.0,0.558596511200822,0.6059204440333025,0.6059204440333025
IndoBERT XGB,101,1081,1.0,0.5434838970638802,0.5985198889916744,0.5985198889916744
IndoBERT Hybrid,101,1081,0.75,0.5731984698437733,0.6207215541165587,0.6207215541165587
E5 LR,101,1081,0.0,0.6034336092366543,0.6401480111008325,0.6401480111008325
E5 XGB,101,1081,1.0,0.5792012684337315,0.6262719703977798,0.6262719703977798
E5 Hybrid,101,1081,0.6000000000000001,0.5981083345548753,0.6410730804810361,0.6410730804810361
ME-XBAL (XLM-R),101,1081,0.6000000000000001,0.6072240652629668,0.6290471785383904,0.6290471785383904
ME-XBAL,101,1081,0.7000000000000001,0.6202708361303039,0.6466234967622572,0.6466234967622572
XLM-R LR,202,1081,0.0,0.5737225285226197,0.6188714153561518,0.6188714153561518
XLM-R XGB,202,1081,1.0,0.5504561605948204,0.5929694727104533,0.5929694727104533
XLM-R Hybrid,202,1081,0.6000000000000001,0.5877066556505264,0.6281221091581869,0.6281221091581869
IndoBERT LR,202,1081,0.0,0.5677069823371782,0.6114708603145236,0.6114708603145236
IndoBERT XGB,202,1081,1.0,0.5469725530295659,0.5938945420906568,0.5938945420906568
IndoBERT Hybrid,202,1081,0.6000000000000001,0.5765899398652381,0.6281221091581869,0.6281221091581869
E5 LR,202,1081,0.0,0.6096943544501773,0.6447733580018501,0.6447733580018501
E5 XGB,202,1081,1.0,0.6019693584102641,0.6512488436632747,0.6512488436632747
E5 Hybrid,202,1081,0.6000000000000001,0.6292061717593685,0.6688251618871416,0.6688251618871416
ME-XBAL (XLM-R),202,1081,0.55,0.6156038919325536,0.6438482886216467,0.6438482886216467
ME-XBAL,202,1081,0.7000000000000001,0.6437976618952275,0.669750231267345,0.669750231267345
XLM-R LR,303,1081,0.0,0.608442563782047,0.6447733580018501,0.6447733580018501
XLM-R XGB,303,1081,1.0,0.564001162285493,0.6040703052728955,0.6040703052728955
XLM-R Hybrid,303,1081,0.6000000000000001,0.6205888532368242,0.6577243293246994,0.6577243293246994
IndoBERT LR,303,1081,0.0,0.5794644836512425,0.6151711378353376,0.6151711378353376
IndoBERT XGB,303,1081,1.0,0.5702859564310491,0.6207215541165587,0.6207215541165587
IndoBERT Hybrid,303,1081,0.5,0.602774843204698,0.6410730804810361,0.6410730804810361
E5 LR,303,1081,0.0,0.5899966384487103,0.635522664199815,0.635522664199815
E5 XGB,303,1081,1.0,0.5997363681883989,0.6493987049028677,0.6493987049028677
E5 Hybrid,303,1081,0.6000000000000001,0.6015195381205027,0.6512488436632747,0.6512488436632747
ME-XBAL (XLM-R),303,1081,0.6000000000000001,0.6323059728942082,0.6577243293246994,0.6577243293246994
ME-XBAL,303,1081,0.75,0.6209479097170792,0.6512488436632747,0.6512488436632747
XLM-R LR,404,1081,0.0,0.5801891159323825,0.6151711378353376,0.6151711378353376
XLM-R XGB,404,1081,1.0,0.513364683496438,0.5652173913043478,0.5652173913043478
XLM-R Hybrid,404,1081,0.5,0.5757475847487024,0.6170212765957447,0.6170212765957447
IndoBERT LR,404,1081,0.0,0.5756838022277299,0.6123959296947271,0.6123959296947271
IndoBERT XGB,404,1081,1.0,0.5129657060179167,0.5707678075855689,0.5707678075855689
IndoBERT Hybrid,404,1081,0.7000000000000001,0.570790474090445,0.6170212765957447,0.6170212765957447
E5 LR,404,1081,0.0,0.6098869295507312,0.6392229417206291,0.6392229417206291
E5 XGB,404,1081,1.0,0.5877476881745421,0.6262719703977798,0.6262719703977798
E5 Hybrid,404,1081,0.6000000000000001,0.6396525683690861,0.6706753006475485,0.6706753006475485
ME-XBAL (XLM-R),404,1081,0.5,0.5980768930021163,0.6244218316373727,0.6244218316373727
ME-XBAL,404,1081,0.7000000000000001,0.6264503997718177,0.6493987049028677,0.6493987049028677
XLM-R LR,505,1081,0.0,0.5995514766133452,0.6410730804810361,0.6410730804810361
XLM-R XGB,505,1081,1.0,0.5750226823582414,0.61054579093432,0.61054579093432
XLM-R Hybrid,505,1081,0.65,0.6135130912095285,0.6549491211840888,0.6549491211840888
IndoBERT LR,505,1081,0.0,0.5809031848143962,0.6197964847363552,0.6197964847363552
IndoBERT XGB,505,1081,1.0,0.5689750782108419,0.6077705827937095,0.6077705827937095
IndoBERT Hybrid,505,1081,0.5,0.5897414251882206,0.6308973172987974,0.6308973172987974
E5 LR,505,1081,0.0,0.6123441493760646,0.6466234967622572,0.6466234967622572
E5 XGB,505,1081,1.0,0.6131184166822926,0.6540240518038853,0.6540240518038853
E5 Hybrid,505,1081,0.5,0.6214140714026158,0.6586493987049029,0.6586493987049029
ME-XBAL (XLM-R),505,1081,0.55,0.6235512883876261,0.6493987049028677,0.6493987049028677
ME-XBAL,505,1081,0.65,0.644467487327412,0.6725254394079556,0.6725254394079556
XLM-R LR,606,1081,0.0,0.5795381747760798,0.6188714153561518,0.6188714153561518
XLM-R XGB,606,1081,1.0,0.5533118637152452,0.5948196114708603,0.5948196114708603
XLM-R Hybrid,606,1081,0.65,0.5867894417391831,0.6290471785383904,0.6290471785383904
IndoBERT LR,606,1081,0.0,0.5525738631414118,0.5948196114708603,0.5948196114708603
IndoBERT XGB,606,1081,1.0,0.5545340148705636,0.606845513413506,0.606845513413506
IndoBERT Hybrid,606,1081,0.65,0.5683582461781199,0.6179463459759482,0.6179463459759482
E5 LR,606,1081,0.0,0.6094041878333052,0.6512488436632747,0.6512488436632747
E5 XGB,606,1081,1.0,0.56363175841627,0.6170212765957447,0.6170212765957447
E5 Hybrid,606,1081,0.65,0.6138732095293559,0.6623496762257169,0.6623496762257169
ME-XBAL (XLM-R),606,1081,0.7000000000000001,0.605907182671198,0.6318223866790009,0.6318223866790009
ME-XBAL,606,1081,0.7000000000000001,0.6400442938264582,0.6743755781683626,0.6743755781683626
